GEO.id,Id
GEO.id2,Id2
GEO.display-label,Geography
HC01_EST_VC01,Total; Estimate; Grandchildren under 18 years living with a grandparent householder
HC01_MOE_VC01,Total; Margin of Error; Grandchildren under 18 years living with a grandparent householder
HC03_EST_VC01,With grandparent responsible - Total; Estimate; Grandchildren under 18 years living with a grandparent householder
HC03_MOE_VC01,With grandparent responsible - Total; Margin of Error; Grandchildren under 18 years living with a grandparent householder
HC04_EST_VC01,With grandparent responsible - Grandchildren with no parent present; Estimate; Grandchildren under 18 years living with a grandparent householder
HC04_MOE_VC01,With grandparent responsible - Grandchildren with no parent present; Margin of Error; Grandchildren under 18 years living with a grandparent householder
HC01_EST_VC03,Total; Estimate; Grandchildren under 18 years living with a grandparent householder - AGE - Under 6 years
HC01_MOE_VC03,Total; Margin of Error; Grandchildren under 18 years living with a grandparent householder - AGE - Under 6 years
HC03_EST_VC03,With grandparent responsible - Total; Estimate; Grandchildren under 18 years living with a grandparent householder - AGE - Under 6 years
HC03_MOE_VC03,With grandparent responsible - Total; Margin of Error; Grandchildren under 18 years living with a grandparent householder - AGE - Under 6 years
HC04_EST_VC03,With grandparent responsible - Grandchildren with no parent present; Estimate; Grandchildren under 18 years living with a grandparent householder - AGE - Under 6 years
HC04_MOE_VC03,With grandparent responsible - Grandchildren with no parent present; Margin of Error; Grandchildren under 18 years living with a grandparent householder - AGE - Under 6 years
HC01_EST_VC04,Total; Estimate; Grandchildren under 18 years living with a grandparent householder - AGE - 6 to 11 years
HC01_MOE_VC04,Total; Margin of Error; Grandchildren under 18 years living with a grandparent householder - AGE - 6 to 11 years
HC03_EST_VC04,With grandparent responsible - Total; Estimate; Grandchildren under 18 years living with a grandparent householder - AGE - 6 to 11 years
HC03_MOE_VC04,With grandparent responsible - Total; Margin of Error; Grandchildren under 18 years living with a grandparent householder - AGE - 6 to 11 years
HC04_EST_VC04,With grandparent responsible - Grandchildren with no parent present; Estimate; Grandchildren under 18 years living with a grandparent householder - AGE - 6 to 11 years
HC04_MOE_VC04,With grandparent responsible - Grandchildren with no parent present; Margin of Error; Grandchildren under 18 years living with a grandparent householder - AGE - 6 to 11 years
HC01_EST_VC05,Total; Estimate; Grandchildren under 18 years living with a grandparent householder - AGE - 12 to 17 years
HC01_MOE_VC05,Total; Margin of Error; Grandchildren under 18 years living with a grandparent householder - AGE - 12 to 17 years
HC03_EST_VC05,With grandparent responsible - Total; Estimate; Grandchildren under 18 years living with a grandparent householder - AGE - 12 to 17 years
HC03_MOE_VC05,With grandparent responsible - Total; Margin of Error; Grandchildren under 18 years living with a grandparent householder - AGE - 12 to 17 years
HC04_EST_VC05,With grandparent responsible - Grandchildren with no parent present; Estimate; Grandchildren under 18 years living with a grandparent householder - AGE - 12 to 17 years
HC04_MOE_VC05,With grandparent responsible - Grandchildren with no parent present; Margin of Error; Grandchildren under 18 years living with a grandparent householder - AGE - 12 to 17 years
HC01_EST_VC07,Total; Estimate; Grandchildren under 18 years living with a grandparent householder - RACE AND HISPANIC OR LATINO ORIGIN - One race
HC01_MOE_VC07,Total; Margin of Error; Grandchildren under 18 years living with a grandparent householder - RACE AND HISPANIC OR LATINO ORIGIN - One race
HC03_EST_VC07,With grandparent responsible - Total; Estimate; Grandchildren under 18 years living with a grandparent householder - RACE AND HISPANIC OR LATINO ORIGIN - One race
HC03_MOE_VC07,With grandparent responsible - Total; Margin of Error; Grandchildren under 18 years living with a grandparent householder - RACE AND HISPANIC OR LATINO ORIGIN - One race
HC04_EST_VC07,With grandparent responsible - Grandchildren with no parent present; Estimate; Grandchildren under 18 years living with a grandparent householder - RACE AND HISPANIC OR LATINO ORIGIN - One race
HC04_MOE_VC07,With grandparent responsible - Grandchildren with no parent present; Margin of Error; Grandchildren under 18 years living with a grandparent householder - RACE AND HISPANIC OR LATINO ORIGIN - One race
HC01_EST_VC08,Total; Estimate; Grandchildren under 18 years living with a grandparent householder - RACE AND HISPANIC OR LATINO ORIGIN - One race - White
HC01_MOE_VC08,Total; Margin of Error; Grandchildren under 18 years living with a grandparent householder - RACE AND HISPANIC OR LATINO ORIGIN - One race - White
HC03_EST_VC08,With grandparent responsible - Total; Estimate; Grandchildren under 18 years living with a grandparent householder - RACE AND HISPANIC OR LATINO ORIGIN - One race - White
HC03_MOE_VC08,With grandparent responsible - Total; Margin of Error; Grandchildren under 18 years living with a grandparent householder - RACE AND HISPANIC OR LATINO ORIGIN - One race - White
HC04_EST_VC08,With grandparent responsible - Grandchildren with no parent present; Estimate; Grandchildren under 18 years living with a grandparent householder - RACE AND HISPANIC OR LATINO ORIGIN - One race - White
HC04_MOE_VC08,With grandparent responsible - Grandchildren with no parent present; Margin of Error; Grandchildren under 18 years living with a grandparent householder - RACE AND HISPANIC OR LATINO ORIGIN - One race - White
HC01_EST_VC09,Total; Estimate; Grandchildren under 18 years living with a grandparent householder - RACE AND HISPANIC OR LATINO ORIGIN - One race - Black or African American
HC01_MOE_VC09,Total; Margin of Error; Grandchildren under 18 years living with a grandparent householder - RACE AND HISPANIC OR LATINO ORIGIN - One race - Black or African American
HC03_EST_VC09,With grandparent responsible - Total; Estimate; Grandchildren under 18 years living with a grandparent householder - RACE AND HISPANIC OR LATINO ORIGIN - One race - Black or African American
HC03_MOE_VC09,With grandparent responsible - Total; Margin of Error; Grandchildren under 18 years living with a grandparent householder - RACE AND HISPANIC OR LATINO ORIGIN - One race - Black or African American
HC04_EST_VC09,With grandparent responsible - Grandchildren with no parent present; Estimate; Grandchildren under 18 years living with a grandparent householder - RACE AND HISPANIC OR LATINO ORIGIN - One race - Black or African American
HC04_MOE_VC09,With grandparent responsible - Grandchildren with no parent present; Margin of Error; Grandchildren under 18 years living with a grandparent householder - RACE AND HISPANIC OR LATINO ORIGIN - One race - Black or African American
HC01_EST_VC10,Total; Estimate; Grandchildren under 18 years living with a grandparent householder - RACE AND HISPANIC OR LATINO ORIGIN - One race - American Indian and Alaska Native
HC01_MOE_VC10,Total; Margin of Error; Grandchildren under 18 years living with a grandparent householder - RACE AND HISPANIC OR LATINO ORIGIN - One race - American Indian and Alaska Native
HC03_EST_VC10,With grandparent responsible - Total; Estimate; Grandchildren under 18 years living with a grandparent householder - RACE AND HISPANIC OR LATINO ORIGIN - One race - American Indian and Alaska Native
HC03_MOE_VC10,With grandparent responsible - Total; Margin of Error; Grandchildren under 18 years living with a grandparent householder - RACE AND HISPANIC OR LATINO ORIGIN - One race - American Indian and Alaska Native
HC04_EST_VC10,With grandparent responsible - Grandchildren with no parent present; Estimate; Grandchildren under 18 years living with a grandparent householder - RACE AND HISPANIC OR LATINO ORIGIN - One race - American Indian and Alaska Native
HC04_MOE_VC10,With grandparent responsible - Grandchildren with no parent present; Margin of Error; Grandchildren under 18 years living with a grandparent householder - RACE AND HISPANIC OR LATINO ORIGIN - One race - American Indian and Alaska Native
HC01_EST_VC11,Total; Estimate; Grandchildren under 18 years living with a grandparent householder - RACE AND HISPANIC OR LATINO ORIGIN - One race - Asian
HC01_MOE_VC11,Total; Margin of Error; Grandchildren under 18 years living with a grandparent householder - RACE AND HISPANIC OR LATINO ORIGIN - One race - Asian
HC03_EST_VC11,With grandparent responsible - Total; Estimate; Grandchildren under 18 years living with a grandparent householder - RACE AND HISPANIC OR LATINO ORIGIN - One race - Asian
HC03_MOE_VC11,With grandparent responsible - Total; Margin of Error; Grandchildren under 18 years living with a grandparent householder - RACE AND HISPANIC OR LATINO ORIGIN - One race - Asian
HC04_EST_VC11,With grandparent responsible - Grandchildren with no parent present; Estimate; Grandchildren under 18 years living with a grandparent householder - RACE AND HISPANIC OR LATINO ORIGIN - One race - Asian
HC04_MOE_VC11,With grandparent responsible - Grandchildren with no parent present; Margin of Error; Grandchildren under 18 years living with a grandparent householder - RACE AND HISPANIC OR LATINO ORIGIN - One race - Asian
HC01_EST_VC12,Total; Estimate; Grandchildren under 18 years living with a grandparent householder - RACE AND HISPANIC OR LATINO ORIGIN - One race - Native Hawaiian and Other Pacific Islander
HC01_MOE_VC12,Total; Margin of Error; Grandchildren under 18 years living with a grandparent householder - RACE AND HISPANIC OR LATINO ORIGIN - One race - Native Hawaiian and Other Pacific Islander
HC03_EST_VC12,With grandparent responsible - Total; Estimate; Grandchildren under 18 years living with a grandparent householder - RACE AND HISPANIC OR LATINO ORIGIN - One race - Native Hawaiian and Other Pacific Islander
HC03_MOE_VC12,With grandparent responsible - Total; Margin of Error; Grandchildren under 18 years living with a grandparent householder - RACE AND HISPANIC OR LATINO ORIGIN - One race - Native Hawaiian and Other Pacific Islander
HC04_EST_VC12,With grandparent responsible - Grandchildren with no parent present; Estimate; Grandchildren under 18 years living with a grandparent householder - RACE AND HISPANIC OR LATINO ORIGIN - One race - Native Hawaiian and Other Pacific Islander
HC04_MOE_VC12,With grandparent responsible - Grandchildren with no parent present; Margin of Error; Grandchildren under 18 years living with a grandparent householder - RACE AND HISPANIC OR LATINO ORIGIN - One race - Native Hawaiian and Other Pacific Islander
HC01_EST_VC13,Total; Estimate; Grandchildren under 18 years living with a grandparent householder - RACE AND HISPANIC OR LATINO ORIGIN - One race - Some other race
HC01_MOE_VC13,Total; Margin of Error; Grandchildren under 18 years living with a grandparent householder - RACE AND HISPANIC OR LATINO ORIGIN - One race - Some other race
HC03_EST_VC13,With grandparent responsible - Total; Estimate; Grandchildren under 18 years living with a grandparent householder - RACE AND HISPANIC OR LATINO ORIGIN - One race - Some other race
HC03_MOE_VC13,With grandparent responsible - Total; Margin of Error; Grandchildren under 18 years living with a grandparent householder - RACE AND HISPANIC OR LATINO ORIGIN - One race - Some other race
HC04_EST_VC13,With grandparent responsible - Grandchildren with no parent present; Estimate; Grandchildren under 18 years living with a grandparent householder - RACE AND HISPANIC OR LATINO ORIGIN - One race - Some other race
HC04_MOE_VC13,With grandparent responsible - Grandchildren with no parent present; Margin of Error; Grandchildren under 18 years living with a grandparent householder - RACE AND HISPANIC OR LATINO ORIGIN - One race - Some other race
HC01_EST_VC14,Total; Estimate; Grandchildren under 18 years living with a grandparent householder - RACE AND HISPANIC OR LATINO ORIGIN - Two or more races
HC01_MOE_VC14,Total; Margin of Error; Grandchildren under 18 years living with a grandparent householder - RACE AND HISPANIC OR LATINO ORIGIN - Two or more races
HC03_EST_VC14,With grandparent responsible - Total; Estimate; Grandchildren under 18 years living with a grandparent householder - RACE AND HISPANIC OR LATINO ORIGIN - Two or more races
HC03_MOE_VC14,With grandparent responsible - Total; Margin of Error; Grandchildren under 18 years living with a grandparent householder - RACE AND HISPANIC OR LATINO ORIGIN - Two or more races
HC04_EST_VC14,With grandparent responsible - Grandchildren with no parent present; Estimate; Grandchildren under 18 years living with a grandparent householder - RACE AND HISPANIC OR LATINO ORIGIN - Two or more races
HC04_MOE_VC14,With grandparent responsible - Grandchildren with no parent present; Margin of Error; Grandchildren under 18 years living with a grandparent householder - RACE AND HISPANIC OR LATINO ORIGIN - Two or more races
HC01_EST_VC15,Total; Estimate; Grandchildren under 18 years living with a grandparent householder - RACE AND HISPANIC OR LATINO ORIGIN - Hispanic or Latino origin (of any race)
HC01_MOE_VC15,Total; Margin of Error; Grandchildren under 18 years living with a grandparent householder - RACE AND HISPANIC OR LATINO ORIGIN - Hispanic or Latino origin (of any race)
HC03_EST_VC15,With grandparent responsible - Total; Estimate; Grandchildren under 18 years living with a grandparent householder - RACE AND HISPANIC OR LATINO ORIGIN - Hispanic or Latino origin (of any race)
HC03_MOE_VC15,With grandparent responsible - Total; Margin of Error; Grandchildren under 18 years living with a grandparent householder - RACE AND HISPANIC OR LATINO ORIGIN - Hispanic or Latino origin (of any race)
HC04_EST_VC15,With grandparent responsible - Grandchildren with no parent present; Estimate; Grandchildren under 18 years living with a grandparent householder - RACE AND HISPANIC OR LATINO ORIGIN - Hispanic or Latino origin (of any race)
HC04_MOE_VC15,With grandparent responsible - Grandchildren with no parent present; Margin of Error; Grandchildren under 18 years living with a grandparent householder - RACE AND HISPANIC OR LATINO ORIGIN - Hispanic or Latino origin (of any race)
HC01_EST_VC16,"Total; Estimate; Grandchildren under 18 years living with a grandparent householder - RACE AND HISPANIC OR LATINO ORIGIN - White alone, not Hispanic or Latino"
HC01_MOE_VC16,"Total; Margin of Error; Grandchildren under 18 years living with a grandparent householder - RACE AND HISPANIC OR LATINO ORIGIN - White alone, not Hispanic or Latino"
HC03_EST_VC16,"With grandparent responsible - Total; Estimate; Grandchildren under 18 years living with a grandparent householder - RACE AND HISPANIC OR LATINO ORIGIN - White alone, not Hispanic or Latino"
HC03_MOE_VC16,"With grandparent responsible - Total; Margin of Error; Grandchildren under 18 years living with a grandparent householder - RACE AND HISPANIC OR LATINO ORIGIN - White alone, not Hispanic or Latino"
HC04_EST_VC16,"With grandparent responsible - Grandchildren with no parent present; Estimate; Grandchildren under 18 years living with a grandparent householder - RACE AND HISPANIC OR LATINO ORIGIN - White alone, not Hispanic or Latino"
HC04_MOE_VC16,"With grandparent responsible - Grandchildren with no parent present; Margin of Error; Grandchildren under 18 years living with a grandparent householder - RACE AND HISPANIC OR LATINO ORIGIN - White alone, not Hispanic or Latino"
HC01_EST_VC18,Total; Estimate; Grandchildren under 18 years living with a grandparent householder - CITIZENSHIP STATUS - Native
HC01_MOE_VC18,Total; Margin of Error; Grandchildren under 18 years living with a grandparent householder - CITIZENSHIP STATUS - Native
HC03_EST_VC18,With grandparent responsible - Total; Estimate; Grandchildren under 18 years living with a grandparent householder - CITIZENSHIP STATUS - Native
HC03_MOE_VC18,With grandparent responsible - Total; Margin of Error; Grandchildren under 18 years living with a grandparent householder - CITIZENSHIP STATUS - Native
HC04_EST_VC18,With grandparent responsible - Grandchildren with no parent present; Estimate; Grandchildren under 18 years living with a grandparent householder - CITIZENSHIP STATUS - Native
HC04_MOE_VC18,With grandparent responsible - Grandchildren with no parent present; Margin of Error; Grandchildren under 18 years living with a grandparent householder - CITIZENSHIP STATUS - Native
HC01_EST_VC19,Total; Estimate; Grandchildren under 18 years living with a grandparent householder - CITIZENSHIP STATUS - Foreign born
HC01_MOE_VC19,Total; Margin of Error; Grandchildren under 18 years living with a grandparent householder - CITIZENSHIP STATUS - Foreign born
HC03_EST_VC19,With grandparent responsible - Total; Estimate; Grandchildren under 18 years living with a grandparent householder - CITIZENSHIP STATUS - Foreign born
HC03_MOE_VC19,With grandparent responsible - Total; Margin of Error; Grandchildren under 18 years living with a grandparent householder - CITIZENSHIP STATUS - Foreign born
HC04_EST_VC19,With grandparent responsible - Grandchildren with no parent present; Estimate; Grandchildren under 18 years living with a grandparent householder - CITIZENSHIP STATUS - Foreign born
HC04_MOE_VC19,With grandparent responsible - Grandchildren with no parent present; Margin of Error; Grandchildren under 18 years living with a grandparent householder - CITIZENSHIP STATUS - Foreign born
HC01_EST_VC21,Total; Estimate; DISABILITY STATUS - Civilian grandchildren under 18 years living with a grandparent householder
HC01_MOE_VC21,Total; Margin of Error; DISABILITY STATUS - Civilian grandchildren under 18 years living with a grandparent householder
HC03_EST_VC21,With grandparent responsible - Total; Estimate; DISABILITY STATUS - Civilian grandchildren under 18 years living with a grandparent householder
HC03_MOE_VC21,With grandparent responsible - Total; Margin of Error; DISABILITY STATUS - Civilian grandchildren under 18 years living with a grandparent householder
HC04_EST_VC21,With grandparent responsible - Grandchildren with no parent present; Estimate; DISABILITY STATUS - Civilian grandchildren under 18 years living with a grandparent householder
HC04_MOE_VC21,With grandparent responsible - Grandchildren with no parent present; Margin of Error; DISABILITY STATUS - Civilian grandchildren under 18 years living with a grandparent householder
HC01_EST_VC22,Total; Estimate; DISABILITY STATUS - Civilian grandchildren under 18 years living with a grandparent householder - With any disability
HC01_MOE_VC22,Total; Margin of Error; DISABILITY STATUS - Civilian grandchildren under 18 years living with a grandparent householder - With any disability
HC03_EST_VC22,With grandparent responsible - Total; Estimate; DISABILITY STATUS - Civilian grandchildren under 18 years living with a grandparent householder - With any disability
HC03_MOE_VC22,With grandparent responsible - Total; Margin of Error; DISABILITY STATUS - Civilian grandchildren under 18 years living with a grandparent householder - With any disability
HC04_EST_VC22,With grandparent responsible - Grandchildren with no parent present; Estimate; DISABILITY STATUS - Civilian grandchildren under 18 years living with a grandparent householder - With any disability
HC04_MOE_VC22,With grandparent responsible - Grandchildren with no parent present; Margin of Error; DISABILITY STATUS - Civilian grandchildren under 18 years living with a grandparent householder - With any disability
HC01_EST_VC24,Total; Estimate; MEDIAN FAMILY INCOME IN THE PAST 12 MONTHS (IN 2008 INFLATION-ADJUSTED DOLLARS) FOR FAMILIES WITH GRANDPARENT HOUSEHOLDERS AND/OR SPOUSES - Median income (dollars)
HC01_MOE_VC24,Total; Margin of Error; MEDIAN FAMILY INCOME IN THE PAST 12 MONTHS (IN 2008 INFLATION-ADJUSTED DOLLARS) FOR FAMILIES WITH GRANDPARENT HOUSEHOLDERS AND/OR SPOUSES - Median income (dollars)
HC03_EST_VC24,With grandparent responsible - Total; Estimate; MEDIAN FAMILY INCOME IN THE PAST 12 MONTHS (IN 2008 INFLATION-ADJUSTED DOLLARS) FOR FAMILIES WITH GRANDPARENT HOUSEHOLDERS AND/OR SPOUSES - Median income (dollars)
HC03_MOE_VC24,With grandparent responsible - Total; Margin of Error; MEDIAN FAMILY INCOME IN THE PAST 12 MONTHS (IN 2008 INFLATION-ADJUSTED DOLLARS) FOR FAMILIES WITH GRANDPARENT HOUSEHOLDERS AND/OR SPOUSES - Median income (dollars)
HC04_EST_VC24,With grandparent responsible - Grandchildren with no parent present; Estimate; MEDIAN FAMILY INCOME IN THE PAST 12 MONTHS (IN 2008 INFLATION-ADJUSTED DOLLARS) FOR FAMILIES WITH GRANDPARENT HOUSEHOLDERS AND/OR SPOUSES - Median income (dollars)
HC04_MOE_VC24,With grandparent responsible - Grandchildren with no parent present; Margin of Error; MEDIAN FAMILY INCOME IN THE PAST 12 MONTHS (IN 2008 INFLATION-ADJUSTED DOLLARS) FOR FAMILIES WITH GRANDPARENT HOUSEHOLDERS AND/OR SPOUSES - Median income (dollars)
HC01_EST_VC25,Total; Estimate; Grandchildren under 18 years living with a grandparent householder
HC01_MOE_VC25,Total; Margin of Error; Grandchildren under 18 years living with a grandparent householder
HC03_EST_VC25,With grandparent responsible - Total; Estimate; Grandchildren under 18 years living with a grandparent householder
HC03_MOE_VC25,With grandparent responsible - Total; Margin of Error; Grandchildren under 18 years living with a grandparent householder
HC04_EST_VC25,With grandparent responsible - Grandchildren with no parent present; Estimate; Grandchildren under 18 years living with a grandparent householder
HC04_MOE_VC25,With grandparent responsible - Grandchildren with no parent present; Margin of Error; Grandchildren under 18 years living with a grandparent householder
HC01_EST_VC27,"Total; Estimate; Grandchildren under 18 years living with a grandparent householder - PUBLIC ASSISTANCE IN THE PAST 12 MONTHS - Grandchildren living in households with Supplemental Security Income (SSI), cash public assistance income, or Food Stamp benefits"
HC01_MOE_VC27,"Total; Margin of Error; Grandchildren under 18 years living with a grandparent householder - PUBLIC ASSISTANCE IN THE PAST 12 MONTHS - Grandchildren living in households with Supplemental Security Income (SSI), cash public assistance income, or Food Stamp benefits"
HC03_EST_VC27,"With grandparent responsible - Total; Estimate; Grandchildren under 18 years living with a grandparent householder - PUBLIC ASSISTANCE IN THE PAST 12 MONTHS - Grandchildren living in households with Supplemental Security Income (SSI), cash public assistance income, or Food Stamp benefits"
HC03_MOE_VC27,"With grandparent responsible - Total; Margin of Error; Grandchildren under 18 years living with a grandparent householder - PUBLIC ASSISTANCE IN THE PAST 12 MONTHS - Grandchildren living in households with Supplemental Security Income (SSI), cash public assistance income, or Food Stamp benefits"
HC04_EST_VC27,"With grandparent responsible - Grandchildren with no parent present; Estimate; Grandchildren under 18 years living with a grandparent householder - PUBLIC ASSISTANCE IN THE PAST 12 MONTHS - Grandchildren living in households with Supplemental Security Income (SSI), cash public assistance income, or Food Stamp benefits"
HC04_MOE_VC27,"With grandparent responsible - Grandchildren with no parent present; Margin of Error; Grandchildren under 18 years living with a grandparent householder - PUBLIC ASSISTANCE IN THE PAST 12 MONTHS - Grandchildren living in households with Supplemental Security Income (SSI), cash public assistance income, or Food Stamp benefits"
HC01_EST_VC29,Total; Estimate; Grandchildren under 18 years living with a grandparent householder - POVERTY STATUS IN THE PAST 12 MONTHS - Income in the past 12 months below poverty level
HC01_MOE_VC29,Total; Margin of Error; Grandchildren under 18 years living with a grandparent householder - POVERTY STATUS IN THE PAST 12 MONTHS - Income in the past 12 months below poverty level
HC03_EST_VC29,With grandparent responsible - Total; Estimate; Grandchildren under 18 years living with a grandparent householder - POVERTY STATUS IN THE PAST 12 MONTHS - Income in the past 12 months below poverty level
HC03_MOE_VC29,With grandparent responsible - Total; Margin of Error; Grandchildren under 18 years living with a grandparent householder - POVERTY STATUS IN THE PAST 12 MONTHS - Income in the past 12 months below poverty level
HC04_EST_VC29,With grandparent responsible - Grandchildren with no parent present; Estimate; Grandchildren under 18 years living with a grandparent householder - POVERTY STATUS IN THE PAST 12 MONTHS - Income in the past 12 months below poverty level
HC04_MOE_VC29,With grandparent responsible - Grandchildren with no parent present; Margin of Error; Grandchildren under 18 years living with a grandparent householder - POVERTY STATUS IN THE PAST 12 MONTHS - Income in the past 12 months below poverty level
HC01_EST_VC30,Total; Estimate; Grandchildren under 18 years living with a grandparent householder - POVERTY STATUS IN THE PAST 12 MONTHS - Income in the past 12 months at or above poverty level
HC01_MOE_VC30,Total; Margin of Error; Grandchildren under 18 years living with a grandparent householder - POVERTY STATUS IN THE PAST 12 MONTHS - Income in the past 12 months at or above poverty level
HC03_EST_VC30,With grandparent responsible - Total; Estimate; Grandchildren under 18 years living with a grandparent householder - POVERTY STATUS IN THE PAST 12 MONTHS - Income in the past 12 months at or above poverty level
HC03_MOE_VC30,With grandparent responsible - Total; Margin of Error; Grandchildren under 18 years living with a grandparent householder - POVERTY STATUS IN THE PAST 12 MONTHS - Income in the past 12 months at or above poverty level
HC04_EST_VC30,With grandparent responsible - Grandchildren with no parent present; Estimate; Grandchildren under 18 years living with a grandparent householder - POVERTY STATUS IN THE PAST 12 MONTHS - Income in the past 12 months at or above poverty level
HC04_MOE_VC30,With grandparent responsible - Grandchildren with no parent present; Margin of Error; Grandchildren under 18 years living with a grandparent householder - POVERTY STATUS IN THE PAST 12 MONTHS - Income in the past 12 months at or above poverty level
HC01_EST_VC31,Total; Estimate; Grandchildren under 18 years living with a grandparent householder in occupied housing units
HC01_MOE_VC31,Total; Margin of Error; Grandchildren under 18 years living with a grandparent householder in occupied housing units
HC03_EST_VC31,With grandparent responsible - Total; Estimate; Grandchildren under 18 years living with a grandparent householder in occupied housing units
HC03_MOE_VC31,With grandparent responsible - Total; Margin of Error; Grandchildren under 18 years living with a grandparent householder in occupied housing units
HC04_EST_VC31,With grandparent responsible - Grandchildren with no parent present; Estimate; Grandchildren under 18 years living with a grandparent householder in occupied housing units
HC04_MOE_VC31,With grandparent responsible - Grandchildren with no parent present; Margin of Error; Grandchildren under 18 years living with a grandparent householder in occupied housing units
HC01_EST_VC33,Total; Estimate; Grandchildren under 18 years living with a grandparent householder in occupied housing units - HOUSING TENURE - In owner-occupied housing units
HC01_MOE_VC33,Total; Margin of Error; Grandchildren under 18 years living with a grandparent householder in occupied housing units - HOUSING TENURE - In owner-occupied housing units
HC03_EST_VC33,With grandparent responsible - Total; Estimate; Grandchildren under 18 years living with a grandparent householder in occupied housing units - HOUSING TENURE - In owner-occupied housing units
HC03_MOE_VC33,With grandparent responsible - Total; Margin of Error; Grandchildren under 18 years living with a grandparent householder in occupied housing units - HOUSING TENURE - In owner-occupied housing units
HC04_EST_VC33,With grandparent responsible - Grandchildren with no parent present; Estimate; Grandchildren under 18 years living with a grandparent householder in occupied housing units - HOUSING TENURE - In owner-occupied housing units
HC04_MOE_VC33,With grandparent responsible - Grandchildren with no parent present; Margin of Error; Grandchildren under 18 years living with a grandparent householder in occupied housing units - HOUSING TENURE - In owner-occupied housing units
HC01_EST_VC34,Total; Estimate; Grandchildren under 18 years living with a grandparent householder in occupied housing units - HOUSING TENURE - In renter-occupied housing units
HC01_MOE_VC34,Total; Margin of Error; Grandchildren under 18 years living with a grandparent householder in occupied housing units - HOUSING TENURE - In renter-occupied housing units
HC03_EST_VC34,With grandparent responsible - Total; Estimate; Grandchildren under 18 years living with a grandparent householder in occupied housing units - HOUSING TENURE - In renter-occupied housing units
HC03_MOE_VC34,With grandparent responsible - Total; Margin of Error; Grandchildren under 18 years living with a grandparent householder in occupied housing units - HOUSING TENURE - In renter-occupied housing units
HC04_EST_VC34,With grandparent responsible - Grandchildren with no parent present; Estimate; Grandchildren under 18 years living with a grandparent householder in occupied housing units - HOUSING TENURE - In renter-occupied housing units
HC04_MOE_VC34,With grandparent responsible - Grandchildren with no parent present; Margin of Error; Grandchildren under 18 years living with a grandparent householder in occupied housing units - HOUSING TENURE - In renter-occupied housing units
HC01_EST_VC36,Total; Estimate; Grandchildren under 18 years living with a grandparent householder in occupied housing units - UNITS IN STRUCTURE - In 1-unit structures
HC01_MOE_VC36,Total; Margin of Error; Grandchildren under 18 years living with a grandparent householder in occupied housing units - UNITS IN STRUCTURE - In 1-unit structures
HC03_EST_VC36,With grandparent responsible - Total; Estimate; Grandchildren under 18 years living with a grandparent householder in occupied housing units - UNITS IN STRUCTURE - In 1-unit structures
HC03_MOE_VC36,With grandparent responsible - Total; Margin of Error; Grandchildren under 18 years living with a grandparent householder in occupied housing units - UNITS IN STRUCTURE - In 1-unit structures
HC04_EST_VC36,With grandparent responsible - Grandchildren with no parent present; Estimate; Grandchildren under 18 years living with a grandparent householder in occupied housing units - UNITS IN STRUCTURE - In 1-unit structures
HC04_MOE_VC36,With grandparent responsible - Grandchildren with no parent present; Margin of Error; Grandchildren under 18 years living with a grandparent householder in occupied housing units - UNITS IN STRUCTURE - In 1-unit structures
HC01_EST_VC37,Total; Estimate; Grandchildren under 18 years living with a grandparent householder in occupied housing units - UNITS IN STRUCTURE - In 2-or-more-unit structures
HC01_MOE_VC37,Total; Margin of Error; Grandchildren under 18 years living with a grandparent householder in occupied housing units - UNITS IN STRUCTURE - In 2-or-more-unit structures
HC03_EST_VC37,With grandparent responsible - Total; Estimate; Grandchildren under 18 years living with a grandparent householder in occupied housing units - UNITS IN STRUCTURE - In 2-or-more-unit structures
HC03_MOE_VC37,With grandparent responsible - Total; Margin of Error; Grandchildren under 18 years living with a grandparent householder in occupied housing units - UNITS IN STRUCTURE - In 2-or-more-unit structures
HC04_EST_VC37,With grandparent responsible - Grandchildren with no parent present; Estimate; Grandchildren under 18 years living with a grandparent householder in occupied housing units - UNITS IN STRUCTURE - In 2-or-more-unit structures
HC04_MOE_VC37,With grandparent responsible - Grandchildren with no parent present; Margin of Error; Grandchildren under 18 years living with a grandparent householder in occupied housing units - UNITS IN STRUCTURE - In 2-or-more-unit structures
HC01_EST_VC38,Total; Estimate; Grandchildren under 18 years living with a grandparent householder in occupied housing units - UNITS IN STRUCTURE - In mobile homes and all other types of units
HC01_MOE_VC38,Total; Margin of Error; Grandchildren under 18 years living with a grandparent householder in occupied housing units - UNITS IN STRUCTURE - In mobile homes and all other types of units
HC03_EST_VC38,With grandparent responsible - Total; Estimate; Grandchildren under 18 years living with a grandparent householder in occupied housing units - UNITS IN STRUCTURE - In mobile homes and all other types of units
HC03_MOE_VC38,With grandparent responsible - Total; Margin of Error; Grandchildren under 18 years living with a grandparent householder in occupied housing units - UNITS IN STRUCTURE - In mobile homes and all other types of units
HC04_EST_VC38,With grandparent responsible - Grandchildren with no parent present; Estimate; Grandchildren under 18 years living with a grandparent householder in occupied housing units - UNITS IN STRUCTURE - In mobile homes and all other types of units
HC04_MOE_VC38,With grandparent responsible - Grandchildren with no parent present; Margin of Error; Grandchildren under 18 years living with a grandparent householder in occupied housing units - UNITS IN STRUCTURE - In mobile homes and all other types of units
