GEO.id,Id
GEO.id2,Id2
GEO.display-label,Geography
HC01_EST_VC01,Total; Estimate; Population 1 year and over
HC01_MOE_VC01,Total; Margin of Error; Population 1 year and over
HC02_EST_VC01,Moved; within same municipio; Estimate; Population 1 year and over
HC02_MOE_VC01,Moved; within same municipio; Margin of Error; Population 1 year and over
HC03_EST_VC01,Moved; from different municipio; Estimate; Population 1 year and over
HC03_MOE_VC01,Moved; from different municipio; Margin of Error; Population 1 year and over
HC04_EST_VC01,Moved; from the U.S.; Estimate; Population 1 year and over
HC04_MOE_VC01,Moved; from the U.S.; Margin of Error; Population 1 year and over
HC05_EST_VC01,Moved; from outside Puerto Rico and the U.S.; Estimate; Population 1 year and over
HC05_MOE_VC01,Moved; from outside Puerto Rico and the U.S.; Margin of Error; Population 1 year and over
HC01_EST_VC03,Total; Estimate; AGE - 1 to 4 years
HC01_MOE_VC03,Total; Margin of Error; AGE - 1 to 4 years
HC02_EST_VC03,Moved; within same municipio; Estimate; AGE - 1 to 4 years
HC02_MOE_VC03,Moved; within same municipio; Margin of Error; AGE - 1 to 4 years
HC03_EST_VC03,Moved; from different municipio; Estimate; AGE - 1 to 4 years
HC03_MOE_VC03,Moved; from different municipio; Margin of Error; AGE - 1 to 4 years
HC04_EST_VC03,Moved; from the U.S.; Estimate; AGE - 1 to 4 years
HC04_MOE_VC03,Moved; from the U.S.; Margin of Error; AGE - 1 to 4 years
HC05_EST_VC03,Moved; from outside Puerto Rico and the U.S.; Estimate; AGE - 1 to 4 years
HC05_MOE_VC03,Moved; from outside Puerto Rico and the U.S.; Margin of Error; AGE - 1 to 4 years
HC01_EST_VC04,Total; Estimate; AGE - 5 to 17 years
HC01_MOE_VC04,Total; Margin of Error; AGE - 5 to 17 years
HC02_EST_VC04,Moved; within same municipio; Estimate; AGE - 5 to 17 years
HC02_MOE_VC04,Moved; within same municipio; Margin of Error; AGE - 5 to 17 years
HC03_EST_VC04,Moved; from different municipio; Estimate; AGE - 5 to 17 years
HC03_MOE_VC04,Moved; from different municipio; Margin of Error; AGE - 5 to 17 years
HC04_EST_VC04,Moved; from the U.S.; Estimate; AGE - 5 to 17 years
HC04_MOE_VC04,Moved; from the U.S.; Margin of Error; AGE - 5 to 17 years
HC05_EST_VC04,Moved; from outside Puerto Rico and the U.S.; Estimate; AGE - 5 to 17 years
HC05_MOE_VC04,Moved; from outside Puerto Rico and the U.S.; Margin of Error; AGE - 5 to 17 years
HC01_EST_VC05,Total; Estimate; AGE - 18 to 24 years
HC01_MOE_VC05,Total; Margin of Error; AGE - 18 to 24 years
HC02_EST_VC05,Moved; within same municipio; Estimate; AGE - 18 to 24 years
HC02_MOE_VC05,Moved; within same municipio; Margin of Error; AGE - 18 to 24 years
HC03_EST_VC05,Moved; from different municipio; Estimate; AGE - 18 to 24 years
HC03_MOE_VC05,Moved; from different municipio; Margin of Error; AGE - 18 to 24 years
HC04_EST_VC05,Moved; from the U.S.; Estimate; AGE - 18 to 24 years
HC04_MOE_VC05,Moved; from the U.S.; Margin of Error; AGE - 18 to 24 years
HC05_EST_VC05,Moved; from outside Puerto Rico and the U.S.; Estimate; AGE - 18 to 24 years
HC05_MOE_VC05,Moved; from outside Puerto Rico and the U.S.; Margin of Error; AGE - 18 to 24 years
HC01_EST_VC06,Total; Estimate; AGE - 25 to 34 years
HC01_MOE_VC06,Total; Margin of Error; AGE - 25 to 34 years
HC02_EST_VC06,Moved; within same municipio; Estimate; AGE - 25 to 34 years
HC02_MOE_VC06,Moved; within same municipio; Margin of Error; AGE - 25 to 34 years
HC03_EST_VC06,Moved; from different municipio; Estimate; AGE - 25 to 34 years
HC03_MOE_VC06,Moved; from different municipio; Margin of Error; AGE - 25 to 34 years
HC04_EST_VC06,Moved; from the U.S.; Estimate; AGE - 25 to 34 years
HC04_MOE_VC06,Moved; from the U.S.; Margin of Error; AGE - 25 to 34 years
HC05_EST_VC06,Moved; from outside Puerto Rico and the U.S.; Estimate; AGE - 25 to 34 years
HC05_MOE_VC06,Moved; from outside Puerto Rico and the U.S.; Margin of Error; AGE - 25 to 34 years
HC01_EST_VC07,Total; Estimate; AGE - 35 to 44 years
HC01_MOE_VC07,Total; Margin of Error; AGE - 35 to 44 years
HC02_EST_VC07,Moved; within same municipio; Estimate; AGE - 35 to 44 years
HC02_MOE_VC07,Moved; within same municipio; Margin of Error; AGE - 35 to 44 years
HC03_EST_VC07,Moved; from different municipio; Estimate; AGE - 35 to 44 years
HC03_MOE_VC07,Moved; from different municipio; Margin of Error; AGE - 35 to 44 years
HC04_EST_VC07,Moved; from the U.S.; Estimate; AGE - 35 to 44 years
HC04_MOE_VC07,Moved; from the U.S.; Margin of Error; AGE - 35 to 44 years
HC05_EST_VC07,Moved; from outside Puerto Rico and the U.S.; Estimate; AGE - 35 to 44 years
HC05_MOE_VC07,Moved; from outside Puerto Rico and the U.S.; Margin of Error; AGE - 35 to 44 years
HC01_EST_VC08,Total; Estimate; AGE - 45 to 54 years
HC01_MOE_VC08,Total; Margin of Error; AGE - 45 to 54 years
HC02_EST_VC08,Moved; within same municipio; Estimate; AGE - 45 to 54 years
HC02_MOE_VC08,Moved; within same municipio; Margin of Error; AGE - 45 to 54 years
HC03_EST_VC08,Moved; from different municipio; Estimate; AGE - 45 to 54 years
HC03_MOE_VC08,Moved; from different municipio; Margin of Error; AGE - 45 to 54 years
HC04_EST_VC08,Moved; from the U.S.; Estimate; AGE - 45 to 54 years
HC04_MOE_VC08,Moved; from the U.S.; Margin of Error; AGE - 45 to 54 years
HC05_EST_VC08,Moved; from outside Puerto Rico and the U.S.; Estimate; AGE - 45 to 54 years
HC05_MOE_VC08,Moved; from outside Puerto Rico and the U.S.; Margin of Error; AGE - 45 to 54 years
HC01_EST_VC09,Total; Estimate; AGE - 55 to 64 years
HC01_MOE_VC09,Total; Margin of Error; AGE - 55 to 64 years
HC02_EST_VC09,Moved; within same municipio; Estimate; AGE - 55 to 64 years
HC02_MOE_VC09,Moved; within same municipio; Margin of Error; AGE - 55 to 64 years
HC03_EST_VC09,Moved; from different municipio; Estimate; AGE - 55 to 64 years
HC03_MOE_VC09,Moved; from different municipio; Margin of Error; AGE - 55 to 64 years
HC04_EST_VC09,Moved; from the U.S.; Estimate; AGE - 55 to 64 years
HC04_MOE_VC09,Moved; from the U.S.; Margin of Error; AGE - 55 to 64 years
HC05_EST_VC09,Moved; from outside Puerto Rico and the U.S.; Estimate; AGE - 55 to 64 years
HC05_MOE_VC09,Moved; from outside Puerto Rico and the U.S.; Margin of Error; AGE - 55 to 64 years
HC01_EST_VC10,Total; Estimate; AGE - 65 to 74 years
HC01_MOE_VC10,Total; Margin of Error; AGE - 65 to 74 years
HC02_EST_VC10,Moved; within same municipio; Estimate; AGE - 65 to 74 years
HC02_MOE_VC10,Moved; within same municipio; Margin of Error; AGE - 65 to 74 years
HC03_EST_VC10,Moved; from different municipio; Estimate; AGE - 65 to 74 years
HC03_MOE_VC10,Moved; from different municipio; Margin of Error; AGE - 65 to 74 years
HC04_EST_VC10,Moved; from the U.S.; Estimate; AGE - 65 to 74 years
HC04_MOE_VC10,Moved; from the U.S.; Margin of Error; AGE - 65 to 74 years
HC05_EST_VC10,Moved; from outside Puerto Rico and the U.S.; Estimate; AGE - 65 to 74 years
HC05_MOE_VC10,Moved; from outside Puerto Rico and the U.S.; Margin of Error; AGE - 65 to 74 years
HC01_EST_VC11,Total; Estimate; AGE - 75 years and over
HC01_MOE_VC11,Total; Margin of Error; AGE - 75 years and over
HC02_EST_VC11,Moved; within same municipio; Estimate; AGE - 75 years and over
HC02_MOE_VC11,Moved; within same municipio; Margin of Error; AGE - 75 years and over
HC03_EST_VC11,Moved; from different municipio; Estimate; AGE - 75 years and over
HC03_MOE_VC11,Moved; from different municipio; Margin of Error; AGE - 75 years and over
HC04_EST_VC11,Moved; from the U.S.; Estimate; AGE - 75 years and over
HC04_MOE_VC11,Moved; from the U.S.; Margin of Error; AGE - 75 years and over
HC05_EST_VC11,Moved; from outside Puerto Rico and the U.S.; Estimate; AGE - 75 years and over
HC05_MOE_VC11,Moved; from outside Puerto Rico and the U.S.; Margin of Error; AGE - 75 years and over
HC01_EST_VC13,Total; Estimate; Median age (years)
HC01_MOE_VC13,Total; Margin of Error; Median age (years)
HC02_EST_VC13,Moved; within same municipio; Estimate; Median age (years)
HC02_MOE_VC13,Moved; within same municipio; Margin of Error; Median age (years)
HC03_EST_VC13,Moved; from different municipio; Estimate; Median age (years)
HC03_MOE_VC13,Moved; from different municipio; Margin of Error; Median age (years)
HC04_EST_VC13,Moved; from the U.S.; Estimate; Median age (years)
HC04_MOE_VC13,Moved; from the U.S.; Margin of Error; Median age (years)
HC05_EST_VC13,Moved; from outside Puerto Rico and the U.S.; Estimate; Median age (years)
HC05_MOE_VC13,Moved; from outside Puerto Rico and the U.S.; Margin of Error; Median age (years)
HC01_EST_VC16,Total; Estimate; SEX - Male
HC01_MOE_VC16,Total; Margin of Error; SEX - Male
HC02_EST_VC16,Moved; within same municipio; Estimate; SEX - Male
HC02_MOE_VC16,Moved; within same municipio; Margin of Error; SEX - Male
HC03_EST_VC16,Moved; from different municipio; Estimate; SEX - Male
HC03_MOE_VC16,Moved; from different municipio; Margin of Error; SEX - Male
HC04_EST_VC16,Moved; from the U.S.; Estimate; SEX - Male
HC04_MOE_VC16,Moved; from the U.S.; Margin of Error; SEX - Male
HC05_EST_VC16,Moved; from outside Puerto Rico and the U.S.; Estimate; SEX - Male
HC05_MOE_VC16,Moved; from outside Puerto Rico and the U.S.; Margin of Error; SEX - Male
HC01_EST_VC17,Total; Estimate; SEX - Female
HC01_MOE_VC17,Total; Margin of Error; SEX - Female
HC02_EST_VC17,Moved; within same municipio; Estimate; SEX - Female
HC02_MOE_VC17,Moved; within same municipio; Margin of Error; SEX - Female
HC03_EST_VC17,Moved; from different municipio; Estimate; SEX - Female
HC03_MOE_VC17,Moved; from different municipio; Margin of Error; SEX - Female
HC04_EST_VC17,Moved; from the U.S.; Estimate; SEX - Female
HC04_MOE_VC17,Moved; from the U.S.; Margin of Error; SEX - Female
HC05_EST_VC17,Moved; from outside Puerto Rico and the U.S.; Estimate; SEX - Female
HC05_MOE_VC17,Moved; from outside Puerto Rico and the U.S.; Margin of Error; SEX - Female
HC01_EST_VC20,Total; Estimate; RACE AND HISPANIC OR LATINO ORIGIN - One race
HC01_MOE_VC20,Total; Margin of Error; RACE AND HISPANIC OR LATINO ORIGIN - One race
HC02_EST_VC20,Moved; within same municipio; Estimate; RACE AND HISPANIC OR LATINO ORIGIN - One race
HC02_MOE_VC20,Moved; within same municipio; Margin of Error; RACE AND HISPANIC OR LATINO ORIGIN - One race
HC03_EST_VC20,Moved; from different municipio; Estimate; RACE AND HISPANIC OR LATINO ORIGIN - One race
HC03_MOE_VC20,Moved; from different municipio; Margin of Error; RACE AND HISPANIC OR LATINO ORIGIN - One race
HC04_EST_VC20,Moved; from the U.S.; Estimate; RACE AND HISPANIC OR LATINO ORIGIN - One race
HC04_MOE_VC20,Moved; from the U.S.; Margin of Error; RACE AND HISPANIC OR LATINO ORIGIN - One race
HC05_EST_VC20,Moved; from outside Puerto Rico and the U.S.; Estimate; RACE AND HISPANIC OR LATINO ORIGIN - One race
HC05_MOE_VC20,Moved; from outside Puerto Rico and the U.S.; Margin of Error; RACE AND HISPANIC OR LATINO ORIGIN - One race
HC01_EST_VC21,Total; Estimate; RACE AND HISPANIC OR LATINO ORIGIN - One race - White
HC01_MOE_VC21,Total; Margin of Error; RACE AND HISPANIC OR LATINO ORIGIN - One race - White
HC02_EST_VC21,Moved; within same municipio; Estimate; RACE AND HISPANIC OR LATINO ORIGIN - One race - White
HC02_MOE_VC21,Moved; within same municipio; Margin of Error; RACE AND HISPANIC OR LATINO ORIGIN - One race - White
HC03_EST_VC21,Moved; from different municipio; Estimate; RACE AND HISPANIC OR LATINO ORIGIN - One race - White
HC03_MOE_VC21,Moved; from different municipio; Margin of Error; RACE AND HISPANIC OR LATINO ORIGIN - One race - White
HC04_EST_VC21,Moved; from the U.S.; Estimate; RACE AND HISPANIC OR LATINO ORIGIN - One race - White
HC04_MOE_VC21,Moved; from the U.S.; Margin of Error; RACE AND HISPANIC OR LATINO ORIGIN - One race - White
HC05_EST_VC21,Moved; from outside Puerto Rico and the U.S.; Estimate; RACE AND HISPANIC OR LATINO ORIGIN - One race - White
HC05_MOE_VC21,Moved; from outside Puerto Rico and the U.S.; Margin of Error; RACE AND HISPANIC OR LATINO ORIGIN - One race - White
HC01_EST_VC22,Total; Estimate; RACE AND HISPANIC OR LATINO ORIGIN - One race - Black or African American
HC01_MOE_VC22,Total; Margin of Error; RACE AND HISPANIC OR LATINO ORIGIN - One race - Black or African American
HC02_EST_VC22,Moved; within same municipio; Estimate; RACE AND HISPANIC OR LATINO ORIGIN - One race - Black or African American
HC02_MOE_VC22,Moved; within same municipio; Margin of Error; RACE AND HISPANIC OR LATINO ORIGIN - One race - Black or African American
HC03_EST_VC22,Moved; from different municipio; Estimate; RACE AND HISPANIC OR LATINO ORIGIN - One race - Black or African American
HC03_MOE_VC22,Moved; from different municipio; Margin of Error; RACE AND HISPANIC OR LATINO ORIGIN - One race - Black or African American
HC04_EST_VC22,Moved; from the U.S.; Estimate; RACE AND HISPANIC OR LATINO ORIGIN - One race - Black or African American
HC04_MOE_VC22,Moved; from the U.S.; Margin of Error; RACE AND HISPANIC OR LATINO ORIGIN - One race - Black or African American
HC05_EST_VC22,Moved; from outside Puerto Rico and the U.S.; Estimate; RACE AND HISPANIC OR LATINO ORIGIN - One race - Black or African American
HC05_MOE_VC22,Moved; from outside Puerto Rico and the U.S.; Margin of Error; RACE AND HISPANIC OR LATINO ORIGIN - One race - Black or African American
HC01_EST_VC23,Total; Estimate; RACE AND HISPANIC OR LATINO ORIGIN - One race - American Indian and Alaska Native
HC01_MOE_VC23,Total; Margin of Error; RACE AND HISPANIC OR LATINO ORIGIN - One race - American Indian and Alaska Native
HC02_EST_VC23,Moved; within same municipio; Estimate; RACE AND HISPANIC OR LATINO ORIGIN - One race - American Indian and Alaska Native
HC02_MOE_VC23,Moved; within same municipio; Margin of Error; RACE AND HISPANIC OR LATINO ORIGIN - One race - American Indian and Alaska Native
HC03_EST_VC23,Moved; from different municipio; Estimate; RACE AND HISPANIC OR LATINO ORIGIN - One race - American Indian and Alaska Native
HC03_MOE_VC23,Moved; from different municipio; Margin of Error; RACE AND HISPANIC OR LATINO ORIGIN - One race - American Indian and Alaska Native
HC04_EST_VC23,Moved; from the U.S.; Estimate; RACE AND HISPANIC OR LATINO ORIGIN - One race - American Indian and Alaska Native
HC04_MOE_VC23,Moved; from the U.S.; Margin of Error; RACE AND HISPANIC OR LATINO ORIGIN - One race - American Indian and Alaska Native
HC05_EST_VC23,Moved; from outside Puerto Rico and the U.S.; Estimate; RACE AND HISPANIC OR LATINO ORIGIN - One race - American Indian and Alaska Native
HC05_MOE_VC23,Moved; from outside Puerto Rico and the U.S.; Margin of Error; RACE AND HISPANIC OR LATINO ORIGIN - One race - American Indian and Alaska Native
HC01_EST_VC24,Total; Estimate; RACE AND HISPANIC OR LATINO ORIGIN - One race - Asian
HC01_MOE_VC24,Total; Margin of Error; RACE AND HISPANIC OR LATINO ORIGIN - One race - Asian
HC02_EST_VC24,Moved; within same municipio; Estimate; RACE AND HISPANIC OR LATINO ORIGIN - One race - Asian
HC02_MOE_VC24,Moved; within same municipio; Margin of Error; RACE AND HISPANIC OR LATINO ORIGIN - One race - Asian
HC03_EST_VC24,Moved; from different municipio; Estimate; RACE AND HISPANIC OR LATINO ORIGIN - One race - Asian
HC03_MOE_VC24,Moved; from different municipio; Margin of Error; RACE AND HISPANIC OR LATINO ORIGIN - One race - Asian
HC04_EST_VC24,Moved; from the U.S.; Estimate; RACE AND HISPANIC OR LATINO ORIGIN - One race - Asian
HC04_MOE_VC24,Moved; from the U.S.; Margin of Error; RACE AND HISPANIC OR LATINO ORIGIN - One race - Asian
HC05_EST_VC24,Moved; from outside Puerto Rico and the U.S.; Estimate; RACE AND HISPANIC OR LATINO ORIGIN - One race - Asian
HC05_MOE_VC24,Moved; from outside Puerto Rico and the U.S.; Margin of Error; RACE AND HISPANIC OR LATINO ORIGIN - One race - Asian
HC01_EST_VC25,Total; Estimate; RACE AND HISPANIC OR LATINO ORIGIN - One race - Native Hawaiian and Other Pacific Islander
HC01_MOE_VC25,Total; Margin of Error; RACE AND HISPANIC OR LATINO ORIGIN - One race - Native Hawaiian and Other Pacific Islander
HC02_EST_VC25,Moved; within same municipio; Estimate; RACE AND HISPANIC OR LATINO ORIGIN - One race - Native Hawaiian and Other Pacific Islander
HC02_MOE_VC25,Moved; within same municipio; Margin of Error; RACE AND HISPANIC OR LATINO ORIGIN - One race - Native Hawaiian and Other Pacific Islander
HC03_EST_VC25,Moved; from different municipio; Estimate; RACE AND HISPANIC OR LATINO ORIGIN - One race - Native Hawaiian and Other Pacific Islander
HC03_MOE_VC25,Moved; from different municipio; Margin of Error; RACE AND HISPANIC OR LATINO ORIGIN - One race - Native Hawaiian and Other Pacific Islander
HC04_EST_VC25,Moved; from the U.S.; Estimate; RACE AND HISPANIC OR LATINO ORIGIN - One race - Native Hawaiian and Other Pacific Islander
HC04_MOE_VC25,Moved; from the U.S.; Margin of Error; RACE AND HISPANIC OR LATINO ORIGIN - One race - Native Hawaiian and Other Pacific Islander
HC05_EST_VC25,Moved; from outside Puerto Rico and the U.S.; Estimate; RACE AND HISPANIC OR LATINO ORIGIN - One race - Native Hawaiian and Other Pacific Islander
HC05_MOE_VC25,Moved; from outside Puerto Rico and the U.S.; Margin of Error; RACE AND HISPANIC OR LATINO ORIGIN - One race - Native Hawaiian and Other Pacific Islander
HC01_EST_VC26,Total; Estimate; RACE AND HISPANIC OR LATINO ORIGIN - One race - Some other race
HC01_MOE_VC26,Total; Margin of Error; RACE AND HISPANIC OR LATINO ORIGIN - One race - Some other race
HC02_EST_VC26,Moved; within same municipio; Estimate; RACE AND HISPANIC OR LATINO ORIGIN - One race - Some other race
HC02_MOE_VC26,Moved; within same municipio; Margin of Error; RACE AND HISPANIC OR LATINO ORIGIN - One race - Some other race
HC03_EST_VC26,Moved; from different municipio; Estimate; RACE AND HISPANIC OR LATINO ORIGIN - One race - Some other race
HC03_MOE_VC26,Moved; from different municipio; Margin of Error; RACE AND HISPANIC OR LATINO ORIGIN - One race - Some other race
HC04_EST_VC26,Moved; from the U.S.; Estimate; RACE AND HISPANIC OR LATINO ORIGIN - One race - Some other race
HC04_MOE_VC26,Moved; from the U.S.; Margin of Error; RACE AND HISPANIC OR LATINO ORIGIN - One race - Some other race
HC05_EST_VC26,Moved; from outside Puerto Rico and the U.S.; Estimate; RACE AND HISPANIC OR LATINO ORIGIN - One race - Some other race
HC05_MOE_VC26,Moved; from outside Puerto Rico and the U.S.; Margin of Error; RACE AND HISPANIC OR LATINO ORIGIN - One race - Some other race
HC01_EST_VC27,Total; Estimate; RACE AND HISPANIC OR LATINO ORIGIN - Two or more races
HC01_MOE_VC27,Total; Margin of Error; RACE AND HISPANIC OR LATINO ORIGIN - Two or more races
HC02_EST_VC27,Moved; within same municipio; Estimate; RACE AND HISPANIC OR LATINO ORIGIN - Two or more races
HC02_MOE_VC27,Moved; within same municipio; Margin of Error; RACE AND HISPANIC OR LATINO ORIGIN - Two or more races
HC03_EST_VC27,Moved; from different municipio; Estimate; RACE AND HISPANIC OR LATINO ORIGIN - Two or more races
HC03_MOE_VC27,Moved; from different municipio; Margin of Error; RACE AND HISPANIC OR LATINO ORIGIN - Two or more races
HC04_EST_VC27,Moved; from the U.S.; Estimate; RACE AND HISPANIC OR LATINO ORIGIN - Two or more races
HC04_MOE_VC27,Moved; from the U.S.; Margin of Error; RACE AND HISPANIC OR LATINO ORIGIN - Two or more races
HC05_EST_VC27,Moved; from outside Puerto Rico and the U.S.; Estimate; RACE AND HISPANIC OR LATINO ORIGIN - Two or more races
HC05_MOE_VC27,Moved; from outside Puerto Rico and the U.S.; Margin of Error; RACE AND HISPANIC OR LATINO ORIGIN - Two or more races
HC01_EST_VC29,Total; Estimate; Hispanic or Latino origin (of any race)
HC01_MOE_VC29,Total; Margin of Error; Hispanic or Latino origin (of any race)
HC02_EST_VC29,Moved; within same municipio; Estimate; Hispanic or Latino origin (of any race)
HC02_MOE_VC29,Moved; within same municipio; Margin of Error; Hispanic or Latino origin (of any race)
HC03_EST_VC29,Moved; from different municipio; Estimate; Hispanic or Latino origin (of any race)
HC03_MOE_VC29,Moved; from different municipio; Margin of Error; Hispanic or Latino origin (of any race)
HC04_EST_VC29,Moved; from the U.S.; Estimate; Hispanic or Latino origin (of any race)
HC04_MOE_VC29,Moved; from the U.S.; Margin of Error; Hispanic or Latino origin (of any race)
HC05_EST_VC29,Moved; from outside Puerto Rico and the U.S.; Estimate; Hispanic or Latino origin (of any race)
HC05_MOE_VC29,Moved; from outside Puerto Rico and the U.S.; Margin of Error; Hispanic or Latino origin (of any race)
HC01_EST_VC30,"Total; Estimate; White alone, not Hispanic or Latino"
HC01_MOE_VC30,"Total; Margin of Error; White alone, not Hispanic or Latino"
HC02_EST_VC30,"Moved; within same municipio; Estimate; White alone, not Hispanic or Latino"
HC02_MOE_VC30,"Moved; within same municipio; Margin of Error; White alone, not Hispanic or Latino"
HC03_EST_VC30,"Moved; from different municipio; Estimate; White alone, not Hispanic or Latino"
HC03_MOE_VC30,"Moved; from different municipio; Margin of Error; White alone, not Hispanic or Latino"
HC04_EST_VC30,"Moved; from the U.S.; Estimate; White alone, not Hispanic or Latino"
HC04_MOE_VC30,"Moved; from the U.S.; Margin of Error; White alone, not Hispanic or Latino"
HC05_EST_VC30,"Moved; from outside Puerto Rico and the U.S.; Estimate; White alone, not Hispanic or Latino"
HC05_MOE_VC30,"Moved; from outside Puerto Rico and the U.S.; Margin of Error; White alone, not Hispanic or Latino"
HC01_EST_VC33,Total; Estimate; NATIVITY AND CITIZENSHIP STATUS - Native
HC01_MOE_VC33,Total; Margin of Error; NATIVITY AND CITIZENSHIP STATUS - Native
HC02_EST_VC33,Moved; within same municipio; Estimate; NATIVITY AND CITIZENSHIP STATUS - Native
HC02_MOE_VC33,Moved; within same municipio; Margin of Error; NATIVITY AND CITIZENSHIP STATUS - Native
HC03_EST_VC33,Moved; from different municipio; Estimate; NATIVITY AND CITIZENSHIP STATUS - Native
HC03_MOE_VC33,Moved; from different municipio; Margin of Error; NATIVITY AND CITIZENSHIP STATUS - Native
HC04_EST_VC33,Moved; from the U.S.; Estimate; NATIVITY AND CITIZENSHIP STATUS - Native
HC04_MOE_VC33,Moved; from the U.S.; Margin of Error; NATIVITY AND CITIZENSHIP STATUS - Native
HC05_EST_VC33,Moved; from outside Puerto Rico and the U.S.; Estimate; NATIVITY AND CITIZENSHIP STATUS - Native
HC05_MOE_VC33,Moved; from outside Puerto Rico and the U.S.; Margin of Error; NATIVITY AND CITIZENSHIP STATUS - Native
HC01_EST_VC34,Total; Estimate; NATIVITY AND CITIZENSHIP STATUS - Foreign born
HC01_MOE_VC34,Total; Margin of Error; NATIVITY AND CITIZENSHIP STATUS - Foreign born
HC02_EST_VC34,Moved; within same municipio; Estimate; NATIVITY AND CITIZENSHIP STATUS - Foreign born
HC02_MOE_VC34,Moved; within same municipio; Margin of Error; NATIVITY AND CITIZENSHIP STATUS - Foreign born
HC03_EST_VC34,Moved; from different municipio; Estimate; NATIVITY AND CITIZENSHIP STATUS - Foreign born
HC03_MOE_VC34,Moved; from different municipio; Margin of Error; NATIVITY AND CITIZENSHIP STATUS - Foreign born
HC04_EST_VC34,Moved; from the U.S.; Estimate; NATIVITY AND CITIZENSHIP STATUS - Foreign born
HC04_MOE_VC34,Moved; from the U.S.; Margin of Error; NATIVITY AND CITIZENSHIP STATUS - Foreign born
HC05_EST_VC34,Moved; from outside Puerto Rico and the U.S.; Estimate; NATIVITY AND CITIZENSHIP STATUS - Foreign born
HC05_MOE_VC34,Moved; from outside Puerto Rico and the U.S.; Margin of Error; NATIVITY AND CITIZENSHIP STATUS - Foreign born
HC01_EST_VC35,Total; Estimate; NATIVITY AND CITIZENSHIP STATUS - Foreign born - Naturalized U.S. citizen
HC01_MOE_VC35,Total; Margin of Error; NATIVITY AND CITIZENSHIP STATUS - Foreign born - Naturalized U.S. citizen
HC02_EST_VC35,Moved; within same municipio; Estimate; NATIVITY AND CITIZENSHIP STATUS - Foreign born - Naturalized U.S. citizen
HC02_MOE_VC35,Moved; within same municipio; Margin of Error; NATIVITY AND CITIZENSHIP STATUS - Foreign born - Naturalized U.S. citizen
HC03_EST_VC35,Moved; from different municipio; Estimate; NATIVITY AND CITIZENSHIP STATUS - Foreign born - Naturalized U.S. citizen
HC03_MOE_VC35,Moved; from different municipio; Margin of Error; NATIVITY AND CITIZENSHIP STATUS - Foreign born - Naturalized U.S. citizen
HC04_EST_VC35,Moved; from the U.S.; Estimate; NATIVITY AND CITIZENSHIP STATUS - Foreign born - Naturalized U.S. citizen
HC04_MOE_VC35,Moved; from the U.S.; Margin of Error; NATIVITY AND CITIZENSHIP STATUS - Foreign born - Naturalized U.S. citizen
HC05_EST_VC35,Moved; from outside Puerto Rico and the U.S.; Estimate; NATIVITY AND CITIZENSHIP STATUS - Foreign born - Naturalized U.S. citizen
HC05_MOE_VC35,Moved; from outside Puerto Rico and the U.S.; Margin of Error; NATIVITY AND CITIZENSHIP STATUS - Foreign born - Naturalized U.S. citizen
HC01_EST_VC36,Total; Estimate; NATIVITY AND CITIZENSHIP STATUS - Foreign born - Not a U.S. citizen
HC01_MOE_VC36,Total; Margin of Error; NATIVITY AND CITIZENSHIP STATUS - Foreign born - Not a U.S. citizen
HC02_EST_VC36,Moved; within same municipio; Estimate; NATIVITY AND CITIZENSHIP STATUS - Foreign born - Not a U.S. citizen
HC02_MOE_VC36,Moved; within same municipio; Margin of Error; NATIVITY AND CITIZENSHIP STATUS - Foreign born - Not a U.S. citizen
HC03_EST_VC36,Moved; from different municipio; Estimate; NATIVITY AND CITIZENSHIP STATUS - Foreign born - Not a U.S. citizen
HC03_MOE_VC36,Moved; from different municipio; Margin of Error; NATIVITY AND CITIZENSHIP STATUS - Foreign born - Not a U.S. citizen
HC04_EST_VC36,Moved; from the U.S.; Estimate; NATIVITY AND CITIZENSHIP STATUS - Foreign born - Not a U.S. citizen
HC04_MOE_VC36,Moved; from the U.S.; Margin of Error; NATIVITY AND CITIZENSHIP STATUS - Foreign born - Not a U.S. citizen
HC05_EST_VC36,Moved; from outside Puerto Rico and the U.S.; Estimate; NATIVITY AND CITIZENSHIP STATUS - Foreign born - Not a U.S. citizen
HC05_MOE_VC36,Moved; from outside Puerto Rico and the U.S.; Margin of Error; NATIVITY AND CITIZENSHIP STATUS - Foreign born - Not a U.S. citizen
HC01_EST_VC40,Total; Estimate; MARITAL STATUS - Population 15 years and over
HC01_MOE_VC40,Total; Margin of Error; MARITAL STATUS - Population 15 years and over
HC02_EST_VC40,Moved; within same municipio; Estimate; MARITAL STATUS - Population 15 years and over
HC02_MOE_VC40,Moved; within same municipio; Margin of Error; MARITAL STATUS - Population 15 years and over
HC03_EST_VC40,Moved; from different municipio; Estimate; MARITAL STATUS - Population 15 years and over
HC03_MOE_VC40,Moved; from different municipio; Margin of Error; MARITAL STATUS - Population 15 years and over
HC04_EST_VC40,Moved; from the U.S.; Estimate; MARITAL STATUS - Population 15 years and over
HC04_MOE_VC40,Moved; from the U.S.; Margin of Error; MARITAL STATUS - Population 15 years and over
HC05_EST_VC40,Moved; from outside Puerto Rico and the U.S.; Estimate; MARITAL STATUS - Population 15 years and over
HC05_MOE_VC40,Moved; from outside Puerto Rico and the U.S.; Margin of Error; MARITAL STATUS - Population 15 years and over
HC01_EST_VC41,Total; Estimate; MARITAL STATUS - Never married
HC01_MOE_VC41,Total; Margin of Error; MARITAL STATUS - Never married
HC02_EST_VC41,Moved; within same municipio; Estimate; MARITAL STATUS - Never married
HC02_MOE_VC41,Moved; within same municipio; Margin of Error; MARITAL STATUS - Never married
HC03_EST_VC41,Moved; from different municipio; Estimate; MARITAL STATUS - Never married
HC03_MOE_VC41,Moved; from different municipio; Margin of Error; MARITAL STATUS - Never married
HC04_EST_VC41,Moved; from the U.S.; Estimate; MARITAL STATUS - Never married
HC04_MOE_VC41,Moved; from the U.S.; Margin of Error; MARITAL STATUS - Never married
HC05_EST_VC41,Moved; from outside Puerto Rico and the U.S.; Estimate; MARITAL STATUS - Never married
HC05_MOE_VC41,Moved; from outside Puerto Rico and the U.S.; Margin of Error; MARITAL STATUS - Never married
HC01_EST_VC42,"Total; Estimate; MARITAL STATUS - Now married, except separated"
HC01_MOE_VC42,"Total; Margin of Error; MARITAL STATUS - Now married, except separated"
HC02_EST_VC42,"Moved; within same municipio; Estimate; MARITAL STATUS - Now married, except separated"
HC02_MOE_VC42,"Moved; within same municipio; Margin of Error; MARITAL STATUS - Now married, except separated"
HC03_EST_VC42,"Moved; from different municipio; Estimate; MARITAL STATUS - Now married, except separated"
HC03_MOE_VC42,"Moved; from different municipio; Margin of Error; MARITAL STATUS - Now married, except separated"
HC04_EST_VC42,"Moved; from the U.S.; Estimate; MARITAL STATUS - Now married, except separated"
HC04_MOE_VC42,"Moved; from the U.S.; Margin of Error; MARITAL STATUS - Now married, except separated"
HC05_EST_VC42,"Moved; from outside Puerto Rico and the U.S.; Estimate; MARITAL STATUS - Now married, except separated"
HC05_MOE_VC42,"Moved; from outside Puerto Rico and the U.S.; Margin of Error; MARITAL STATUS - Now married, except separated"
HC01_EST_VC43,Total; Estimate; MARITAL STATUS - Divorced or separated
HC01_MOE_VC43,Total; Margin of Error; MARITAL STATUS - Divorced or separated
HC02_EST_VC43,Moved; within same municipio; Estimate; MARITAL STATUS - Divorced or separated
HC02_MOE_VC43,Moved; within same municipio; Margin of Error; MARITAL STATUS - Divorced or separated
HC03_EST_VC43,Moved; from different municipio; Estimate; MARITAL STATUS - Divorced or separated
HC03_MOE_VC43,Moved; from different municipio; Margin of Error; MARITAL STATUS - Divorced or separated
HC04_EST_VC43,Moved; from the U.S.; Estimate; MARITAL STATUS - Divorced or separated
HC04_MOE_VC43,Moved; from the U.S.; Margin of Error; MARITAL STATUS - Divorced or separated
HC05_EST_VC43,Moved; from outside Puerto Rico and the U.S.; Estimate; MARITAL STATUS - Divorced or separated
HC05_MOE_VC43,Moved; from outside Puerto Rico and the U.S.; Margin of Error; MARITAL STATUS - Divorced or separated
HC01_EST_VC44,Total; Estimate; MARITAL STATUS - Widowed
HC01_MOE_VC44,Total; Margin of Error; MARITAL STATUS - Widowed
HC02_EST_VC44,Moved; within same municipio; Estimate; MARITAL STATUS - Widowed
HC02_MOE_VC44,Moved; within same municipio; Margin of Error; MARITAL STATUS - Widowed
HC03_EST_VC44,Moved; from different municipio; Estimate; MARITAL STATUS - Widowed
HC03_MOE_VC44,Moved; from different municipio; Margin of Error; MARITAL STATUS - Widowed
HC04_EST_VC44,Moved; from the U.S.; Estimate; MARITAL STATUS - Widowed
HC04_MOE_VC44,Moved; from the U.S.; Margin of Error; MARITAL STATUS - Widowed
HC05_EST_VC44,Moved; from outside Puerto Rico and the U.S.; Estimate; MARITAL STATUS - Widowed
HC05_MOE_VC44,Moved; from outside Puerto Rico and the U.S.; Margin of Error; MARITAL STATUS - Widowed
HC01_EST_VC48,Total; Estimate; EDUCATIONAL ATTAINMENT - Population 25 years and over
HC01_MOE_VC48,Total; Margin of Error; EDUCATIONAL ATTAINMENT - Population 25 years and over
HC02_EST_VC48,Moved; within same municipio; Estimate; EDUCATIONAL ATTAINMENT - Population 25 years and over
HC02_MOE_VC48,Moved; within same municipio; Margin of Error; EDUCATIONAL ATTAINMENT - Population 25 years and over
HC03_EST_VC48,Moved; from different municipio; Estimate; EDUCATIONAL ATTAINMENT - Population 25 years and over
HC03_MOE_VC48,Moved; from different municipio; Margin of Error; EDUCATIONAL ATTAINMENT - Population 25 years and over
HC04_EST_VC48,Moved; from the U.S.; Estimate; EDUCATIONAL ATTAINMENT - Population 25 years and over
HC04_MOE_VC48,Moved; from the U.S.; Margin of Error; EDUCATIONAL ATTAINMENT - Population 25 years and over
HC05_EST_VC48,Moved; from outside Puerto Rico and the U.S.; Estimate; EDUCATIONAL ATTAINMENT - Population 25 years and over
HC05_MOE_VC48,Moved; from outside Puerto Rico and the U.S.; Margin of Error; EDUCATIONAL ATTAINMENT - Population 25 years and over
HC01_EST_VC49,Total; Estimate; EDUCATIONAL ATTAINMENT - Less than high school graduate
HC01_MOE_VC49,Total; Margin of Error; EDUCATIONAL ATTAINMENT - Less than high school graduate
HC02_EST_VC49,Moved; within same municipio; Estimate; EDUCATIONAL ATTAINMENT - Less than high school graduate
HC02_MOE_VC49,Moved; within same municipio; Margin of Error; EDUCATIONAL ATTAINMENT - Less than high school graduate
HC03_EST_VC49,Moved; from different municipio; Estimate; EDUCATIONAL ATTAINMENT - Less than high school graduate
HC03_MOE_VC49,Moved; from different municipio; Margin of Error; EDUCATIONAL ATTAINMENT - Less than high school graduate
HC04_EST_VC49,Moved; from the U.S.; Estimate; EDUCATIONAL ATTAINMENT - Less than high school graduate
HC04_MOE_VC49,Moved; from the U.S.; Margin of Error; EDUCATIONAL ATTAINMENT - Less than high school graduate
HC05_EST_VC49,Moved; from outside Puerto Rico and the U.S.; Estimate; EDUCATIONAL ATTAINMENT - Less than high school graduate
HC05_MOE_VC49,Moved; from outside Puerto Rico and the U.S.; Margin of Error; EDUCATIONAL ATTAINMENT - Less than high school graduate
HC01_EST_VC50,Total; Estimate; EDUCATIONAL ATTAINMENT - High school graduate (includes equivalency)
HC01_MOE_VC50,Total; Margin of Error; EDUCATIONAL ATTAINMENT - High school graduate (includes equivalency)
HC02_EST_VC50,Moved; within same municipio; Estimate; EDUCATIONAL ATTAINMENT - High school graduate (includes equivalency)
HC02_MOE_VC50,Moved; within same municipio; Margin of Error; EDUCATIONAL ATTAINMENT - High school graduate (includes equivalency)
HC03_EST_VC50,Moved; from different municipio; Estimate; EDUCATIONAL ATTAINMENT - High school graduate (includes equivalency)
HC03_MOE_VC50,Moved; from different municipio; Margin of Error; EDUCATIONAL ATTAINMENT - High school graduate (includes equivalency)
HC04_EST_VC50,Moved; from the U.S.; Estimate; EDUCATIONAL ATTAINMENT - High school graduate (includes equivalency)
HC04_MOE_VC50,Moved; from the U.S.; Margin of Error; EDUCATIONAL ATTAINMENT - High school graduate (includes equivalency)
HC05_EST_VC50,Moved; from outside Puerto Rico and the U.S.; Estimate; EDUCATIONAL ATTAINMENT - High school graduate (includes equivalency)
HC05_MOE_VC50,Moved; from outside Puerto Rico and the U.S.; Margin of Error; EDUCATIONAL ATTAINMENT - High school graduate (includes equivalency)
HC01_EST_VC51,Total; Estimate; EDUCATIONAL ATTAINMENT - Some college or associate's degree
HC01_MOE_VC51,Total; Margin of Error; EDUCATIONAL ATTAINMENT - Some college or associate's degree
HC02_EST_VC51,Moved; within same municipio; Estimate; EDUCATIONAL ATTAINMENT - Some college or associate's degree
HC02_MOE_VC51,Moved; within same municipio; Margin of Error; EDUCATIONAL ATTAINMENT - Some college or associate's degree
HC03_EST_VC51,Moved; from different municipio; Estimate; EDUCATIONAL ATTAINMENT - Some college or associate's degree
HC03_MOE_VC51,Moved; from different municipio; Margin of Error; EDUCATIONAL ATTAINMENT - Some college or associate's degree
HC04_EST_VC51,Moved; from the U.S.; Estimate; EDUCATIONAL ATTAINMENT - Some college or associate's degree
HC04_MOE_VC51,Moved; from the U.S.; Margin of Error; EDUCATIONAL ATTAINMENT - Some college or associate's degree
HC05_EST_VC51,Moved; from outside Puerto Rico and the U.S.; Estimate; EDUCATIONAL ATTAINMENT - Some college or associate's degree
HC05_MOE_VC51,Moved; from outside Puerto Rico and the U.S.; Margin of Error; EDUCATIONAL ATTAINMENT - Some college or associate's degree
HC01_EST_VC52,Total; Estimate; EDUCATIONAL ATTAINMENT - Bachelor's degree
HC01_MOE_VC52,Total; Margin of Error; EDUCATIONAL ATTAINMENT - Bachelor's degree
HC02_EST_VC52,Moved; within same municipio; Estimate; EDUCATIONAL ATTAINMENT - Bachelor's degree
HC02_MOE_VC52,Moved; within same municipio; Margin of Error; EDUCATIONAL ATTAINMENT - Bachelor's degree
HC03_EST_VC52,Moved; from different municipio; Estimate; EDUCATIONAL ATTAINMENT - Bachelor's degree
HC03_MOE_VC52,Moved; from different municipio; Margin of Error; EDUCATIONAL ATTAINMENT - Bachelor's degree
HC04_EST_VC52,Moved; from the U.S.; Estimate; EDUCATIONAL ATTAINMENT - Bachelor's degree
HC04_MOE_VC52,Moved; from the U.S.; Margin of Error; EDUCATIONAL ATTAINMENT - Bachelor's degree
HC05_EST_VC52,Moved; from outside Puerto Rico and the U.S.; Estimate; EDUCATIONAL ATTAINMENT - Bachelor's degree
HC05_MOE_VC52,Moved; from outside Puerto Rico and the U.S.; Margin of Error; EDUCATIONAL ATTAINMENT - Bachelor's degree
HC01_EST_VC53,Total; Estimate; EDUCATIONAL ATTAINMENT - Graduate or professional degree
HC01_MOE_VC53,Total; Margin of Error; EDUCATIONAL ATTAINMENT - Graduate or professional degree
HC02_EST_VC53,Moved; within same municipio; Estimate; EDUCATIONAL ATTAINMENT - Graduate or professional degree
HC02_MOE_VC53,Moved; within same municipio; Margin of Error; EDUCATIONAL ATTAINMENT - Graduate or professional degree
HC03_EST_VC53,Moved; from different municipio; Estimate; EDUCATIONAL ATTAINMENT - Graduate or professional degree
HC03_MOE_VC53,Moved; from different municipio; Margin of Error; EDUCATIONAL ATTAINMENT - Graduate or professional degree
HC04_EST_VC53,Moved; from the U.S.; Estimate; EDUCATIONAL ATTAINMENT - Graduate or professional degree
HC04_MOE_VC53,Moved; from the U.S.; Margin of Error; EDUCATIONAL ATTAINMENT - Graduate or professional degree
HC05_EST_VC53,Moved; from outside Puerto Rico and the U.S.; Estimate; EDUCATIONAL ATTAINMENT - Graduate or professional degree
HC05_MOE_VC53,Moved; from outside Puerto Rico and the U.S.; Margin of Error; EDUCATIONAL ATTAINMENT - Graduate or professional degree
HC01_EST_VC57,Total; Estimate; INDIVIDUAL INCOME IN THE PAST 12 MONTHS (IN 2011 INFLATION-ADJUSTED DOLLARS) - Population 15 years and over
HC01_MOE_VC57,Total; Margin of Error; INDIVIDUAL INCOME IN THE PAST 12 MONTHS (IN 2011 INFLATION-ADJUSTED DOLLARS) - Population 15 years and over
HC02_EST_VC57,Moved; within same municipio; Estimate; INDIVIDUAL INCOME IN THE PAST 12 MONTHS (IN 2011 INFLATION-ADJUSTED DOLLARS) - Population 15 years and over
HC02_MOE_VC57,Moved; within same municipio; Margin of Error; INDIVIDUAL INCOME IN THE PAST 12 MONTHS (IN 2011 INFLATION-ADJUSTED DOLLARS) - Population 15 years and over
HC03_EST_VC57,Moved; from different municipio; Estimate; INDIVIDUAL INCOME IN THE PAST 12 MONTHS (IN 2011 INFLATION-ADJUSTED DOLLARS) - Population 15 years and over
HC03_MOE_VC57,Moved; from different municipio; Margin of Error; INDIVIDUAL INCOME IN THE PAST 12 MONTHS (IN 2011 INFLATION-ADJUSTED DOLLARS) - Population 15 years and over
HC04_EST_VC57,Moved; from the U.S.; Estimate; INDIVIDUAL INCOME IN THE PAST 12 MONTHS (IN 2011 INFLATION-ADJUSTED DOLLARS) - Population 15 years and over
HC04_MOE_VC57,Moved; from the U.S.; Margin of Error; INDIVIDUAL INCOME IN THE PAST 12 MONTHS (IN 2011 INFLATION-ADJUSTED DOLLARS) - Population 15 years and over
HC05_EST_VC57,Moved; from outside Puerto Rico and the U.S.; Estimate; INDIVIDUAL INCOME IN THE PAST 12 MONTHS (IN 2011 INFLATION-ADJUSTED DOLLARS) - Population 15 years and over
HC05_MOE_VC57,Moved; from outside Puerto Rico and the U.S.; Margin of Error; INDIVIDUAL INCOME IN THE PAST 12 MONTHS (IN 2011 INFLATION-ADJUSTED DOLLARS) - Population 15 years and over
HC01_EST_VC58,"Total; Estimate; INDIVIDUAL INCOME IN THE PAST 12 MONTHS (IN 2011 INFLATION-ADJUSTED DOLLARS) - $1 to $9,999 or loss"
HC01_MOE_VC58,"Total; Margin of Error; INDIVIDUAL INCOME IN THE PAST 12 MONTHS (IN 2011 INFLATION-ADJUSTED DOLLARS) - $1 to $9,999 or loss"
HC02_EST_VC58,"Moved; within same municipio; Estimate; INDIVIDUAL INCOME IN THE PAST 12 MONTHS (IN 2011 INFLATION-ADJUSTED DOLLARS) - $1 to $9,999 or loss"
HC02_MOE_VC58,"Moved; within same municipio; Margin of Error; INDIVIDUAL INCOME IN THE PAST 12 MONTHS (IN 2011 INFLATION-ADJUSTED DOLLARS) - $1 to $9,999 or loss"
HC03_EST_VC58,"Moved; from different municipio; Estimate; INDIVIDUAL INCOME IN THE PAST 12 MONTHS (IN 2011 INFLATION-ADJUSTED DOLLARS) - $1 to $9,999 or loss"
HC03_MOE_VC58,"Moved; from different municipio; Margin of Error; INDIVIDUAL INCOME IN THE PAST 12 MONTHS (IN 2011 INFLATION-ADJUSTED DOLLARS) - $1 to $9,999 or loss"
HC04_EST_VC58,"Moved; from the U.S.; Estimate; INDIVIDUAL INCOME IN THE PAST 12 MONTHS (IN 2011 INFLATION-ADJUSTED DOLLARS) - $1 to $9,999 or loss"
HC04_MOE_VC58,"Moved; from the U.S.; Margin of Error; INDIVIDUAL INCOME IN THE PAST 12 MONTHS (IN 2011 INFLATION-ADJUSTED DOLLARS) - $1 to $9,999 or loss"
HC05_EST_VC58,"Moved; from outside Puerto Rico and the U.S.; Estimate; INDIVIDUAL INCOME IN THE PAST 12 MONTHS (IN 2011 INFLATION-ADJUSTED DOLLARS) - $1 to $9,999 or loss"
HC05_MOE_VC58,"Moved; from outside Puerto Rico and the U.S.; Margin of Error; INDIVIDUAL INCOME IN THE PAST 12 MONTHS (IN 2011 INFLATION-ADJUSTED DOLLARS) - $1 to $9,999 or loss"
HC01_EST_VC59,"Total; Estimate; INDIVIDUAL INCOME IN THE PAST 12 MONTHS (IN 2011 INFLATION-ADJUSTED DOLLARS) - $10,000 to $14,999"
HC01_MOE_VC59,"Total; Margin of Error; INDIVIDUAL INCOME IN THE PAST 12 MONTHS (IN 2011 INFLATION-ADJUSTED DOLLARS) - $10,000 to $14,999"
HC02_EST_VC59,"Moved; within same municipio; Estimate; INDIVIDUAL INCOME IN THE PAST 12 MONTHS (IN 2011 INFLATION-ADJUSTED DOLLARS) - $10,000 to $14,999"
HC02_MOE_VC59,"Moved; within same municipio; Margin of Error; INDIVIDUAL INCOME IN THE PAST 12 MONTHS (IN 2011 INFLATION-ADJUSTED DOLLARS) - $10,000 to $14,999"
HC03_EST_VC59,"Moved; from different municipio; Estimate; INDIVIDUAL INCOME IN THE PAST 12 MONTHS (IN 2011 INFLATION-ADJUSTED DOLLARS) - $10,000 to $14,999"
HC03_MOE_VC59,"Moved; from different municipio; Margin of Error; INDIVIDUAL INCOME IN THE PAST 12 MONTHS (IN 2011 INFLATION-ADJUSTED DOLLARS) - $10,000 to $14,999"
HC04_EST_VC59,"Moved; from the U.S.; Estimate; INDIVIDUAL INCOME IN THE PAST 12 MONTHS (IN 2011 INFLATION-ADJUSTED DOLLARS) - $10,000 to $14,999"
HC04_MOE_VC59,"Moved; from the U.S.; Margin of Error; INDIVIDUAL INCOME IN THE PAST 12 MONTHS (IN 2011 INFLATION-ADJUSTED DOLLARS) - $10,000 to $14,999"
HC05_EST_VC59,"Moved; from outside Puerto Rico and the U.S.; Estimate; INDIVIDUAL INCOME IN THE PAST 12 MONTHS (IN 2011 INFLATION-ADJUSTED DOLLARS) - $10,000 to $14,999"
HC05_MOE_VC59,"Moved; from outside Puerto Rico and the U.S.; Margin of Error; INDIVIDUAL INCOME IN THE PAST 12 MONTHS (IN 2011 INFLATION-ADJUSTED DOLLARS) - $10,000 to $14,999"
HC01_EST_VC60,"Total; Estimate; INDIVIDUAL INCOME IN THE PAST 12 MONTHS (IN 2011 INFLATION-ADJUSTED DOLLARS) - $15,000 to $24,999"
HC01_MOE_VC60,"Total; Margin of Error; INDIVIDUAL INCOME IN THE PAST 12 MONTHS (IN 2011 INFLATION-ADJUSTED DOLLARS) - $15,000 to $24,999"
HC02_EST_VC60,"Moved; within same municipio; Estimate; INDIVIDUAL INCOME IN THE PAST 12 MONTHS (IN 2011 INFLATION-ADJUSTED DOLLARS) - $15,000 to $24,999"
HC02_MOE_VC60,"Moved; within same municipio; Margin of Error; INDIVIDUAL INCOME IN THE PAST 12 MONTHS (IN 2011 INFLATION-ADJUSTED DOLLARS) - $15,000 to $24,999"
HC03_EST_VC60,"Moved; from different municipio; Estimate; INDIVIDUAL INCOME IN THE PAST 12 MONTHS (IN 2011 INFLATION-ADJUSTED DOLLARS) - $15,000 to $24,999"
HC03_MOE_VC60,"Moved; from different municipio; Margin of Error; INDIVIDUAL INCOME IN THE PAST 12 MONTHS (IN 2011 INFLATION-ADJUSTED DOLLARS) - $15,000 to $24,999"
HC04_EST_VC60,"Moved; from the U.S.; Estimate; INDIVIDUAL INCOME IN THE PAST 12 MONTHS (IN 2011 INFLATION-ADJUSTED DOLLARS) - $15,000 to $24,999"
HC04_MOE_VC60,"Moved; from the U.S.; Margin of Error; INDIVIDUAL INCOME IN THE PAST 12 MONTHS (IN 2011 INFLATION-ADJUSTED DOLLARS) - $15,000 to $24,999"
HC05_EST_VC60,"Moved; from outside Puerto Rico and the U.S.; Estimate; INDIVIDUAL INCOME IN THE PAST 12 MONTHS (IN 2011 INFLATION-ADJUSTED DOLLARS) - $15,000 to $24,999"
HC05_MOE_VC60,"Moved; from outside Puerto Rico and the U.S.; Margin of Error; INDIVIDUAL INCOME IN THE PAST 12 MONTHS (IN 2011 INFLATION-ADJUSTED DOLLARS) - $15,000 to $24,999"
HC01_EST_VC61,"Total; Estimate; INDIVIDUAL INCOME IN THE PAST 12 MONTHS (IN 2011 INFLATION-ADJUSTED DOLLARS) - $25,000 to $34,999"
HC01_MOE_VC61,"Total; Margin of Error; INDIVIDUAL INCOME IN THE PAST 12 MONTHS (IN 2011 INFLATION-ADJUSTED DOLLARS) - $25,000 to $34,999"
HC02_EST_VC61,"Moved; within same municipio; Estimate; INDIVIDUAL INCOME IN THE PAST 12 MONTHS (IN 2011 INFLATION-ADJUSTED DOLLARS) - $25,000 to $34,999"
HC02_MOE_VC61,"Moved; within same municipio; Margin of Error; INDIVIDUAL INCOME IN THE PAST 12 MONTHS (IN 2011 INFLATION-ADJUSTED DOLLARS) - $25,000 to $34,999"
HC03_EST_VC61,"Moved; from different municipio; Estimate; INDIVIDUAL INCOME IN THE PAST 12 MONTHS (IN 2011 INFLATION-ADJUSTED DOLLARS) - $25,000 to $34,999"
HC03_MOE_VC61,"Moved; from different municipio; Margin of Error; INDIVIDUAL INCOME IN THE PAST 12 MONTHS (IN 2011 INFLATION-ADJUSTED DOLLARS) - $25,000 to $34,999"
HC04_EST_VC61,"Moved; from the U.S.; Estimate; INDIVIDUAL INCOME IN THE PAST 12 MONTHS (IN 2011 INFLATION-ADJUSTED DOLLARS) - $25,000 to $34,999"
HC04_MOE_VC61,"Moved; from the U.S.; Margin of Error; INDIVIDUAL INCOME IN THE PAST 12 MONTHS (IN 2011 INFLATION-ADJUSTED DOLLARS) - $25,000 to $34,999"
HC05_EST_VC61,"Moved; from outside Puerto Rico and the U.S.; Estimate; INDIVIDUAL INCOME IN THE PAST 12 MONTHS (IN 2011 INFLATION-ADJUSTED DOLLARS) - $25,000 to $34,999"
HC05_MOE_VC61,"Moved; from outside Puerto Rico and the U.S.; Margin of Error; INDIVIDUAL INCOME IN THE PAST 12 MONTHS (IN 2011 INFLATION-ADJUSTED DOLLARS) - $25,000 to $34,999"
HC01_EST_VC62,"Total; Estimate; INDIVIDUAL INCOME IN THE PAST 12 MONTHS (IN 2011 INFLATION-ADJUSTED DOLLARS) - $35,000 to $49,999"
HC01_MOE_VC62,"Total; Margin of Error; INDIVIDUAL INCOME IN THE PAST 12 MONTHS (IN 2011 INFLATION-ADJUSTED DOLLARS) - $35,000 to $49,999"
HC02_EST_VC62,"Moved; within same municipio; Estimate; INDIVIDUAL INCOME IN THE PAST 12 MONTHS (IN 2011 INFLATION-ADJUSTED DOLLARS) - $35,000 to $49,999"
HC02_MOE_VC62,"Moved; within same municipio; Margin of Error; INDIVIDUAL INCOME IN THE PAST 12 MONTHS (IN 2011 INFLATION-ADJUSTED DOLLARS) - $35,000 to $49,999"
HC03_EST_VC62,"Moved; from different municipio; Estimate; INDIVIDUAL INCOME IN THE PAST 12 MONTHS (IN 2011 INFLATION-ADJUSTED DOLLARS) - $35,000 to $49,999"
HC03_MOE_VC62,"Moved; from different municipio; Margin of Error; INDIVIDUAL INCOME IN THE PAST 12 MONTHS (IN 2011 INFLATION-ADJUSTED DOLLARS) - $35,000 to $49,999"
HC04_EST_VC62,"Moved; from the U.S.; Estimate; INDIVIDUAL INCOME IN THE PAST 12 MONTHS (IN 2011 INFLATION-ADJUSTED DOLLARS) - $35,000 to $49,999"
HC04_MOE_VC62,"Moved; from the U.S.; Margin of Error; INDIVIDUAL INCOME IN THE PAST 12 MONTHS (IN 2011 INFLATION-ADJUSTED DOLLARS) - $35,000 to $49,999"
HC05_EST_VC62,"Moved; from outside Puerto Rico and the U.S.; Estimate; INDIVIDUAL INCOME IN THE PAST 12 MONTHS (IN 2011 INFLATION-ADJUSTED DOLLARS) - $35,000 to $49,999"
HC05_MOE_VC62,"Moved; from outside Puerto Rico and the U.S.; Margin of Error; INDIVIDUAL INCOME IN THE PAST 12 MONTHS (IN 2011 INFLATION-ADJUSTED DOLLARS) - $35,000 to $49,999"
HC01_EST_VC63,"Total; Estimate; INDIVIDUAL INCOME IN THE PAST 12 MONTHS (IN 2011 INFLATION-ADJUSTED DOLLARS) - $50,000 to $64,999"
HC01_MOE_VC63,"Total; Margin of Error; INDIVIDUAL INCOME IN THE PAST 12 MONTHS (IN 2011 INFLATION-ADJUSTED DOLLARS) - $50,000 to $64,999"
HC02_EST_VC63,"Moved; within same municipio; Estimate; INDIVIDUAL INCOME IN THE PAST 12 MONTHS (IN 2011 INFLATION-ADJUSTED DOLLARS) - $50,000 to $64,999"
HC02_MOE_VC63,"Moved; within same municipio; Margin of Error; INDIVIDUAL INCOME IN THE PAST 12 MONTHS (IN 2011 INFLATION-ADJUSTED DOLLARS) - $50,000 to $64,999"
HC03_EST_VC63,"Moved; from different municipio; Estimate; INDIVIDUAL INCOME IN THE PAST 12 MONTHS (IN 2011 INFLATION-ADJUSTED DOLLARS) - $50,000 to $64,999"
HC03_MOE_VC63,"Moved; from different municipio; Margin of Error; INDIVIDUAL INCOME IN THE PAST 12 MONTHS (IN 2011 INFLATION-ADJUSTED DOLLARS) - $50,000 to $64,999"
HC04_EST_VC63,"Moved; from the U.S.; Estimate; INDIVIDUAL INCOME IN THE PAST 12 MONTHS (IN 2011 INFLATION-ADJUSTED DOLLARS) - $50,000 to $64,999"
HC04_MOE_VC63,"Moved; from the U.S.; Margin of Error; INDIVIDUAL INCOME IN THE PAST 12 MONTHS (IN 2011 INFLATION-ADJUSTED DOLLARS) - $50,000 to $64,999"
HC05_EST_VC63,"Moved; from outside Puerto Rico and the U.S.; Estimate; INDIVIDUAL INCOME IN THE PAST 12 MONTHS (IN 2011 INFLATION-ADJUSTED DOLLARS) - $50,000 to $64,999"
HC05_MOE_VC63,"Moved; from outside Puerto Rico and the U.S.; Margin of Error; INDIVIDUAL INCOME IN THE PAST 12 MONTHS (IN 2011 INFLATION-ADJUSTED DOLLARS) - $50,000 to $64,999"
HC01_EST_VC64,"Total; Estimate; INDIVIDUAL INCOME IN THE PAST 12 MONTHS (IN 2011 INFLATION-ADJUSTED DOLLARS) - $65,000 to $74,999"
HC01_MOE_VC64,"Total; Margin of Error; INDIVIDUAL INCOME IN THE PAST 12 MONTHS (IN 2011 INFLATION-ADJUSTED DOLLARS) - $65,000 to $74,999"
HC02_EST_VC64,"Moved; within same municipio; Estimate; INDIVIDUAL INCOME IN THE PAST 12 MONTHS (IN 2011 INFLATION-ADJUSTED DOLLARS) - $65,000 to $74,999"
HC02_MOE_VC64,"Moved; within same municipio; Margin of Error; INDIVIDUAL INCOME IN THE PAST 12 MONTHS (IN 2011 INFLATION-ADJUSTED DOLLARS) - $65,000 to $74,999"
HC03_EST_VC64,"Moved; from different municipio; Estimate; INDIVIDUAL INCOME IN THE PAST 12 MONTHS (IN 2011 INFLATION-ADJUSTED DOLLARS) - $65,000 to $74,999"
HC03_MOE_VC64,"Moved; from different municipio; Margin of Error; INDIVIDUAL INCOME IN THE PAST 12 MONTHS (IN 2011 INFLATION-ADJUSTED DOLLARS) - $65,000 to $74,999"
HC04_EST_VC64,"Moved; from the U.S.; Estimate; INDIVIDUAL INCOME IN THE PAST 12 MONTHS (IN 2011 INFLATION-ADJUSTED DOLLARS) - $65,000 to $74,999"
HC04_MOE_VC64,"Moved; from the U.S.; Margin of Error; INDIVIDUAL INCOME IN THE PAST 12 MONTHS (IN 2011 INFLATION-ADJUSTED DOLLARS) - $65,000 to $74,999"
HC05_EST_VC64,"Moved; from outside Puerto Rico and the U.S.; Estimate; INDIVIDUAL INCOME IN THE PAST 12 MONTHS (IN 2011 INFLATION-ADJUSTED DOLLARS) - $65,000 to $74,999"
HC05_MOE_VC64,"Moved; from outside Puerto Rico and the U.S.; Margin of Error; INDIVIDUAL INCOME IN THE PAST 12 MONTHS (IN 2011 INFLATION-ADJUSTED DOLLARS) - $65,000 to $74,999"
HC01_EST_VC65,"Total; Estimate; INDIVIDUAL INCOME IN THE PAST 12 MONTHS (IN 2011 INFLATION-ADJUSTED DOLLARS) - $75,000 or more"
HC01_MOE_VC65,"Total; Margin of Error; INDIVIDUAL INCOME IN THE PAST 12 MONTHS (IN 2011 INFLATION-ADJUSTED DOLLARS) - $75,000 or more"
HC02_EST_VC65,"Moved; within same municipio; Estimate; INDIVIDUAL INCOME IN THE PAST 12 MONTHS (IN 2011 INFLATION-ADJUSTED DOLLARS) - $75,000 or more"
HC02_MOE_VC65,"Moved; within same municipio; Margin of Error; INDIVIDUAL INCOME IN THE PAST 12 MONTHS (IN 2011 INFLATION-ADJUSTED DOLLARS) - $75,000 or more"
HC03_EST_VC65,"Moved; from different municipio; Estimate; INDIVIDUAL INCOME IN THE PAST 12 MONTHS (IN 2011 INFLATION-ADJUSTED DOLLARS) - $75,000 or more"
HC03_MOE_VC65,"Moved; from different municipio; Margin of Error; INDIVIDUAL INCOME IN THE PAST 12 MONTHS (IN 2011 INFLATION-ADJUSTED DOLLARS) - $75,000 or more"
HC04_EST_VC65,"Moved; from the U.S.; Estimate; INDIVIDUAL INCOME IN THE PAST 12 MONTHS (IN 2011 INFLATION-ADJUSTED DOLLARS) - $75,000 or more"
HC04_MOE_VC65,"Moved; from the U.S.; Margin of Error; INDIVIDUAL INCOME IN THE PAST 12 MONTHS (IN 2011 INFLATION-ADJUSTED DOLLARS) - $75,000 or more"
HC05_EST_VC65,"Moved; from outside Puerto Rico and the U.S.; Estimate; INDIVIDUAL INCOME IN THE PAST 12 MONTHS (IN 2011 INFLATION-ADJUSTED DOLLARS) - $75,000 or more"
HC05_MOE_VC65,"Moved; from outside Puerto Rico and the U.S.; Margin of Error; INDIVIDUAL INCOME IN THE PAST 12 MONTHS (IN 2011 INFLATION-ADJUSTED DOLLARS) - $75,000 or more"
HC01_EST_VC67,Total; Estimate; Median income (dollars)
HC01_MOE_VC67,Total; Margin of Error; Median income (dollars)
HC02_EST_VC67,Moved; within same municipio; Estimate; Median income (dollars)
HC02_MOE_VC67,Moved; within same municipio; Margin of Error; Median income (dollars)
HC03_EST_VC67,Moved; from different municipio; Estimate; Median income (dollars)
HC03_MOE_VC67,Moved; from different municipio; Margin of Error; Median income (dollars)
HC04_EST_VC67,Moved; from the U.S.; Estimate; Median income (dollars)
HC04_MOE_VC67,Moved; from the U.S.; Margin of Error; Median income (dollars)
HC05_EST_VC67,Moved; from outside Puerto Rico and the U.S.; Estimate; Median income (dollars)
HC05_MOE_VC67,Moved; from outside Puerto Rico and the U.S.; Margin of Error; Median income (dollars)
HC01_EST_VC71,Total; Estimate; POVERTY STATUS IN THE PAST 12 MONTHS - Population 1 year and over for whom poverty status is determined
HC01_MOE_VC71,Total; Margin of Error; POVERTY STATUS IN THE PAST 12 MONTHS - Population 1 year and over for whom poverty status is determined
HC02_EST_VC71,Moved; within same municipio; Estimate; POVERTY STATUS IN THE PAST 12 MONTHS - Population 1 year and over for whom poverty status is determined
HC02_MOE_VC71,Moved; within same municipio; Margin of Error; POVERTY STATUS IN THE PAST 12 MONTHS - Population 1 year and over for whom poverty status is determined
HC03_EST_VC71,Moved; from different municipio; Estimate; POVERTY STATUS IN THE PAST 12 MONTHS - Population 1 year and over for whom poverty status is determined
HC03_MOE_VC71,Moved; from different municipio; Margin of Error; POVERTY STATUS IN THE PAST 12 MONTHS - Population 1 year and over for whom poverty status is determined
HC04_EST_VC71,Moved; from the U.S.; Estimate; POVERTY STATUS IN THE PAST 12 MONTHS - Population 1 year and over for whom poverty status is determined
HC04_MOE_VC71,Moved; from the U.S.; Margin of Error; POVERTY STATUS IN THE PAST 12 MONTHS - Population 1 year and over for whom poverty status is determined
HC05_EST_VC71,Moved; from outside Puerto Rico and the U.S.; Estimate; POVERTY STATUS IN THE PAST 12 MONTHS - Population 1 year and over for whom poverty status is determined
HC05_MOE_VC71,Moved; from outside Puerto Rico and the U.S.; Margin of Error; POVERTY STATUS IN THE PAST 12 MONTHS - Population 1 year and over for whom poverty status is determined
HC01_EST_VC72,Total; Estimate; POVERTY STATUS IN THE PAST 12 MONTHS - Below 100 percent of the poverty level
HC01_MOE_VC72,Total; Margin of Error; POVERTY STATUS IN THE PAST 12 MONTHS - Below 100 percent of the poverty level
HC02_EST_VC72,Moved; within same municipio; Estimate; POVERTY STATUS IN THE PAST 12 MONTHS - Below 100 percent of the poverty level
HC02_MOE_VC72,Moved; within same municipio; Margin of Error; POVERTY STATUS IN THE PAST 12 MONTHS - Below 100 percent of the poverty level
HC03_EST_VC72,Moved; from different municipio; Estimate; POVERTY STATUS IN THE PAST 12 MONTHS - Below 100 percent of the poverty level
HC03_MOE_VC72,Moved; from different municipio; Margin of Error; POVERTY STATUS IN THE PAST 12 MONTHS - Below 100 percent of the poverty level
HC04_EST_VC72,Moved; from the U.S.; Estimate; POVERTY STATUS IN THE PAST 12 MONTHS - Below 100 percent of the poverty level
HC04_MOE_VC72,Moved; from the U.S.; Margin of Error; POVERTY STATUS IN THE PAST 12 MONTHS - Below 100 percent of the poverty level
HC05_EST_VC72,Moved; from outside Puerto Rico and the U.S.; Estimate; POVERTY STATUS IN THE PAST 12 MONTHS - Below 100 percent of the poverty level
HC05_MOE_VC72,Moved; from outside Puerto Rico and the U.S.; Margin of Error; POVERTY STATUS IN THE PAST 12 MONTHS - Below 100 percent of the poverty level
HC01_EST_VC73,Total; Estimate; POVERTY STATUS IN THE PAST 12 MONTHS - 100 to 149 percent of the poverty level
HC01_MOE_VC73,Total; Margin of Error; POVERTY STATUS IN THE PAST 12 MONTHS - 100 to 149 percent of the poverty level
HC02_EST_VC73,Moved; within same municipio; Estimate; POVERTY STATUS IN THE PAST 12 MONTHS - 100 to 149 percent of the poverty level
HC02_MOE_VC73,Moved; within same municipio; Margin of Error; POVERTY STATUS IN THE PAST 12 MONTHS - 100 to 149 percent of the poverty level
HC03_EST_VC73,Moved; from different municipio; Estimate; POVERTY STATUS IN THE PAST 12 MONTHS - 100 to 149 percent of the poverty level
HC03_MOE_VC73,Moved; from different municipio; Margin of Error; POVERTY STATUS IN THE PAST 12 MONTHS - 100 to 149 percent of the poverty level
HC04_EST_VC73,Moved; from the U.S.; Estimate; POVERTY STATUS IN THE PAST 12 MONTHS - 100 to 149 percent of the poverty level
HC04_MOE_VC73,Moved; from the U.S.; Margin of Error; POVERTY STATUS IN THE PAST 12 MONTHS - 100 to 149 percent of the poverty level
HC05_EST_VC73,Moved; from outside Puerto Rico and the U.S.; Estimate; POVERTY STATUS IN THE PAST 12 MONTHS - 100 to 149 percent of the poverty level
HC05_MOE_VC73,Moved; from outside Puerto Rico and the U.S.; Margin of Error; POVERTY STATUS IN THE PAST 12 MONTHS - 100 to 149 percent of the poverty level
HC01_EST_VC74,Total; Estimate; POVERTY STATUS IN THE PAST 12 MONTHS - At or above 150 percent of the poverty level
HC01_MOE_VC74,Total; Margin of Error; POVERTY STATUS IN THE PAST 12 MONTHS - At or above 150 percent of the poverty level
HC02_EST_VC74,Moved; within same municipio; Estimate; POVERTY STATUS IN THE PAST 12 MONTHS - At or above 150 percent of the poverty level
HC02_MOE_VC74,Moved; within same municipio; Margin of Error; POVERTY STATUS IN THE PAST 12 MONTHS - At or above 150 percent of the poverty level
HC03_EST_VC74,Moved; from different municipio; Estimate; POVERTY STATUS IN THE PAST 12 MONTHS - At or above 150 percent of the poverty level
HC03_MOE_VC74,Moved; from different municipio; Margin of Error; POVERTY STATUS IN THE PAST 12 MONTHS - At or above 150 percent of the poverty level
HC04_EST_VC74,Moved; from the U.S.; Estimate; POVERTY STATUS IN THE PAST 12 MONTHS - At or above 150 percent of the poverty level
HC04_MOE_VC74,Moved; from the U.S.; Margin of Error; POVERTY STATUS IN THE PAST 12 MONTHS - At or above 150 percent of the poverty level
HC05_EST_VC74,Moved; from outside Puerto Rico and the U.S.; Estimate; POVERTY STATUS IN THE PAST 12 MONTHS - At or above 150 percent of the poverty level
HC05_MOE_VC74,Moved; from outside Puerto Rico and the U.S.; Margin of Error; POVERTY STATUS IN THE PAST 12 MONTHS - At or above 150 percent of the poverty level
HC01_EST_VC78,Total; Estimate; HOUSING TENURE - Population 1 year and over in housing units
HC01_MOE_VC78,Total; Margin of Error; HOUSING TENURE - Population 1 year and over in housing units
HC02_EST_VC78,Moved; within same municipio; Estimate; HOUSING TENURE - Population 1 year and over in housing units
HC02_MOE_VC78,Moved; within same municipio; Margin of Error; HOUSING TENURE - Population 1 year and over in housing units
HC03_EST_VC78,Moved; from different municipio; Estimate; HOUSING TENURE - Population 1 year and over in housing units
HC03_MOE_VC78,Moved; from different municipio; Margin of Error; HOUSING TENURE - Population 1 year and over in housing units
HC04_EST_VC78,Moved; from the U.S.; Estimate; HOUSING TENURE - Population 1 year and over in housing units
HC04_MOE_VC78,Moved; from the U.S.; Margin of Error; HOUSING TENURE - Population 1 year and over in housing units
HC05_EST_VC78,Moved; from outside Puerto Rico and the U.S.; Estimate; HOUSING TENURE - Population 1 year and over in housing units
HC05_MOE_VC78,Moved; from outside Puerto Rico and the U.S.; Margin of Error; HOUSING TENURE - Population 1 year and over in housing units
HC01_EST_VC79,Total; Estimate; HOUSING TENURE - Householder lived in owner-occupied housing units
HC01_MOE_VC79,Total; Margin of Error; HOUSING TENURE - Householder lived in owner-occupied housing units
HC02_EST_VC79,Moved; within same municipio; Estimate; HOUSING TENURE - Householder lived in owner-occupied housing units
HC02_MOE_VC79,Moved; within same municipio; Margin of Error; HOUSING TENURE - Householder lived in owner-occupied housing units
HC03_EST_VC79,Moved; from different municipio; Estimate; HOUSING TENURE - Householder lived in owner-occupied housing units
HC03_MOE_VC79,Moved; from different municipio; Margin of Error; HOUSING TENURE - Householder lived in owner-occupied housing units
HC04_EST_VC79,Moved; from the U.S.; Estimate; HOUSING TENURE - Householder lived in owner-occupied housing units
HC04_MOE_VC79,Moved; from the U.S.; Margin of Error; HOUSING TENURE - Householder lived in owner-occupied housing units
HC05_EST_VC79,Moved; from outside Puerto Rico and the U.S.; Estimate; HOUSING TENURE - Householder lived in owner-occupied housing units
HC05_MOE_VC79,Moved; from outside Puerto Rico and the U.S.; Margin of Error; HOUSING TENURE - Householder lived in owner-occupied housing units
HC01_EST_VC80,Total; Estimate; HOUSING TENURE - Householder lived in renter-occupied housing units
HC01_MOE_VC80,Total; Margin of Error; HOUSING TENURE - Householder lived in renter-occupied housing units
HC02_EST_VC80,Moved; within same municipio; Estimate; HOUSING TENURE - Householder lived in renter-occupied housing units
HC02_MOE_VC80,Moved; within same municipio; Margin of Error; HOUSING TENURE - Householder lived in renter-occupied housing units
HC03_EST_VC80,Moved; from different municipio; Estimate; HOUSING TENURE - Householder lived in renter-occupied housing units
HC03_MOE_VC80,Moved; from different municipio; Margin of Error; HOUSING TENURE - Householder lived in renter-occupied housing units
HC04_EST_VC80,Moved; from the U.S.; Estimate; HOUSING TENURE - Householder lived in renter-occupied housing units
HC04_MOE_VC80,Moved; from the U.S.; Margin of Error; HOUSING TENURE - Householder lived in renter-occupied housing units
HC05_EST_VC80,Moved; from outside Puerto Rico and the U.S.; Estimate; HOUSING TENURE - Householder lived in renter-occupied housing units
HC05_MOE_VC80,Moved; from outside Puerto Rico and the U.S.; Margin of Error; HOUSING TENURE - Householder lived in renter-occupied housing units
HC01_EST_VC83,Total; Estimate; PERCENT IMPUTED - Residence 1 year ago
HC01_MOE_VC83,Total; Margin of Error; PERCENT IMPUTED - Residence 1 year ago
HC02_EST_VC83,Moved; within same municipio; Estimate; PERCENT IMPUTED - Residence 1 year ago
HC02_MOE_VC83,Moved; within same municipio; Margin of Error; PERCENT IMPUTED - Residence 1 year ago
HC03_EST_VC83,Moved; from different municipio; Estimate; PERCENT IMPUTED - Residence 1 year ago
HC03_MOE_VC83,Moved; from different municipio; Margin of Error; PERCENT IMPUTED - Residence 1 year ago
HC04_EST_VC83,Moved; from the U.S.; Estimate; PERCENT IMPUTED - Residence 1 year ago
HC04_MOE_VC83,Moved; from the U.S.; Margin of Error; PERCENT IMPUTED - Residence 1 year ago
HC05_EST_VC83,Moved; from outside Puerto Rico and the U.S.; Estimate; PERCENT IMPUTED - Residence 1 year ago
HC05_MOE_VC83,Moved; from outside Puerto Rico and the U.S.; Margin of Error; PERCENT IMPUTED - Residence 1 year ago
