GEO.id,Id
GEO.id2,Id2
GEO.display-label,Geography
HC01_EST_VC01,Total; Estimate; Workers 16 years and over
HC01_MOE_VC01,Total; Margin of Error; Workers 16 years and over
HC02_EST_VC01,"Car, truck, or van -- drove alone; Estimate; Workers 16 years and over"
HC02_MOE_VC01,"Car, truck, or van -- drove alone; Margin of Error; Workers 16 years and over"
HC03_EST_VC01,"Car, truck, or van -- carpooled; Estimate; Workers 16 years and over"
HC03_MOE_VC01,"Car, truck, or van -- carpooled; Margin of Error; Workers 16 years and over"
HC04_EST_VC01,Public transportation (excluding taxicab); Estimate; Workers 16 years and over
HC04_MOE_VC01,Public transportation (excluding taxicab); Margin of Error; Workers 16 years and over
HC01_EST_VC03,Total; Estimate; AGE - 16 to 19 years
HC01_MOE_VC03,Total; Margin of Error; AGE - 16 to 19 years
HC02_EST_VC03,"Car, truck, or van -- drove alone; Estimate; AGE - 16 to 19 years"
HC02_MOE_VC03,"Car, truck, or van -- drove alone; Margin of Error; AGE - 16 to 19 years"
HC03_EST_VC03,"Car, truck, or van -- carpooled; Estimate; AGE - 16 to 19 years"
HC03_MOE_VC03,"Car, truck, or van -- carpooled; Margin of Error; AGE - 16 to 19 years"
HC04_EST_VC03,Public transportation (excluding taxicab); Estimate; AGE - 16 to 19 years
HC04_MOE_VC03,Public transportation (excluding taxicab); Margin of Error; AGE - 16 to 19 years
HC01_EST_VC04,Total; Estimate; AGE - 20 to 24 years
HC01_MOE_VC04,Total; Margin of Error; AGE - 20 to 24 years
HC02_EST_VC04,"Car, truck, or van -- drove alone; Estimate; AGE - 20 to 24 years"
HC02_MOE_VC04,"Car, truck, or van -- drove alone; Margin of Error; AGE - 20 to 24 years"
HC03_EST_VC04,"Car, truck, or van -- carpooled; Estimate; AGE - 20 to 24 years"
HC03_MOE_VC04,"Car, truck, or van -- carpooled; Margin of Error; AGE - 20 to 24 years"
HC04_EST_VC04,Public transportation (excluding taxicab); Estimate; AGE - 20 to 24 years
HC04_MOE_VC04,Public transportation (excluding taxicab); Margin of Error; AGE - 20 to 24 years
HC01_EST_VC05,Total; Estimate; AGE - 25 to 44 years
HC01_MOE_VC05,Total; Margin of Error; AGE - 25 to 44 years
HC02_EST_VC05,"Car, truck, or van -- drove alone; Estimate; AGE - 25 to 44 years"
HC02_MOE_VC05,"Car, truck, or van -- drove alone; Margin of Error; AGE - 25 to 44 years"
HC03_EST_VC05,"Car, truck, or van -- carpooled; Estimate; AGE - 25 to 44 years"
HC03_MOE_VC05,"Car, truck, or van -- carpooled; Margin of Error; AGE - 25 to 44 years"
HC04_EST_VC05,Public transportation (excluding taxicab); Estimate; AGE - 25 to 44 years
HC04_MOE_VC05,Public transportation (excluding taxicab); Margin of Error; AGE - 25 to 44 years
HC01_EST_VC06,Total; Estimate; AGE - 45 to 54 years
HC01_MOE_VC06,Total; Margin of Error; AGE - 45 to 54 years
HC02_EST_VC06,"Car, truck, or van -- drove alone; Estimate; AGE - 45 to 54 years"
HC02_MOE_VC06,"Car, truck, or van -- drove alone; Margin of Error; AGE - 45 to 54 years"
HC03_EST_VC06,"Car, truck, or van -- carpooled; Estimate; AGE - 45 to 54 years"
HC03_MOE_VC06,"Car, truck, or van -- carpooled; Margin of Error; AGE - 45 to 54 years"
HC04_EST_VC06,Public transportation (excluding taxicab); Estimate; AGE - 45 to 54 years
HC04_MOE_VC06,Public transportation (excluding taxicab); Margin of Error; AGE - 45 to 54 years
HC01_EST_VC07,Total; Estimate; AGE - 55 to 59 years
HC01_MOE_VC07,Total; Margin of Error; AGE - 55 to 59 years
HC02_EST_VC07,"Car, truck, or van -- drove alone; Estimate; AGE - 55 to 59 years"
HC02_MOE_VC07,"Car, truck, or van -- drove alone; Margin of Error; AGE - 55 to 59 years"
HC03_EST_VC07,"Car, truck, or van -- carpooled; Estimate; AGE - 55 to 59 years"
HC03_MOE_VC07,"Car, truck, or van -- carpooled; Margin of Error; AGE - 55 to 59 years"
HC04_EST_VC07,Public transportation (excluding taxicab); Estimate; AGE - 55 to 59 years
HC04_MOE_VC07,Public transportation (excluding taxicab); Margin of Error; AGE - 55 to 59 years
HC01_EST_VC08,Total; Estimate; AGE - 60 years and over
HC01_MOE_VC08,Total; Margin of Error; AGE - 60 years and over
HC02_EST_VC08,"Car, truck, or van -- drove alone; Estimate; AGE - 60 years and over"
HC02_MOE_VC08,"Car, truck, or van -- drove alone; Margin of Error; AGE - 60 years and over"
HC03_EST_VC08,"Car, truck, or van -- carpooled; Estimate; AGE - 60 years and over"
HC03_MOE_VC08,"Car, truck, or van -- carpooled; Margin of Error; AGE - 60 years and over"
HC04_EST_VC08,Public transportation (excluding taxicab); Estimate; AGE - 60 years and over
HC04_MOE_VC08,Public transportation (excluding taxicab); Margin of Error; AGE - 60 years and over
HC01_EST_VC10,Total; Estimate; Median age (years)
HC01_MOE_VC10,Total; Margin of Error; Median age (years)
HC02_EST_VC10,"Car, truck, or van -- drove alone; Estimate; Median age (years)"
HC02_MOE_VC10,"Car, truck, or van -- drove alone; Margin of Error; Median age (years)"
HC03_EST_VC10,"Car, truck, or van -- carpooled; Estimate; Median age (years)"
HC03_MOE_VC10,"Car, truck, or van -- carpooled; Margin of Error; Median age (years)"
HC04_EST_VC10,Public transportation (excluding taxicab); Estimate; Median age (years)
HC04_MOE_VC10,Public transportation (excluding taxicab); Margin of Error; Median age (years)
HC01_EST_VC13,Total; Estimate; SEX - Male
HC01_MOE_VC13,Total; Margin of Error; SEX - Male
HC02_EST_VC13,"Car, truck, or van -- drove alone; Estimate; SEX - Male"
HC02_MOE_VC13,"Car, truck, or van -- drove alone; Margin of Error; SEX - Male"
HC03_EST_VC13,"Car, truck, or van -- carpooled; Estimate; SEX - Male"
HC03_MOE_VC13,"Car, truck, or van -- carpooled; Margin of Error; SEX - Male"
HC04_EST_VC13,Public transportation (excluding taxicab); Estimate; SEX - Male
HC04_MOE_VC13,Public transportation (excluding taxicab); Margin of Error; SEX - Male
HC01_EST_VC14,Total; Estimate; SEX - Female
HC01_MOE_VC14,Total; Margin of Error; SEX - Female
HC02_EST_VC14,"Car, truck, or van -- drove alone; Estimate; SEX - Female"
HC02_MOE_VC14,"Car, truck, or van -- drove alone; Margin of Error; SEX - Female"
HC03_EST_VC14,"Car, truck, or van -- carpooled; Estimate; SEX - Female"
HC03_MOE_VC14,"Car, truck, or van -- carpooled; Margin of Error; SEX - Female"
HC04_EST_VC14,Public transportation (excluding taxicab); Estimate; SEX - Female
HC04_MOE_VC14,Public transportation (excluding taxicab); Margin of Error; SEX - Female
HC01_EST_VC17,Total; Estimate; RACE AND HISPANIC OR LATINO ORIGIN - One race
HC01_MOE_VC17,Total; Margin of Error; RACE AND HISPANIC OR LATINO ORIGIN - One race
HC02_EST_VC17,"Car, truck, or van -- drove alone; Estimate; RACE AND HISPANIC OR LATINO ORIGIN - One race"
HC02_MOE_VC17,"Car, truck, or van -- drove alone; Margin of Error; RACE AND HISPANIC OR LATINO ORIGIN - One race"
HC03_EST_VC17,"Car, truck, or van -- carpooled; Estimate; RACE AND HISPANIC OR LATINO ORIGIN - One race"
HC03_MOE_VC17,"Car, truck, or van -- carpooled; Margin of Error; RACE AND HISPANIC OR LATINO ORIGIN - One race"
HC04_EST_VC17,Public transportation (excluding taxicab); Estimate; RACE AND HISPANIC OR LATINO ORIGIN - One race
HC04_MOE_VC17,Public transportation (excluding taxicab); Margin of Error; RACE AND HISPANIC OR LATINO ORIGIN - One race
HC01_EST_VC18,Total; Estimate; RACE AND HISPANIC OR LATINO ORIGIN - One race - White
HC01_MOE_VC18,Total; Margin of Error; RACE AND HISPANIC OR LATINO ORIGIN - One race - White
HC02_EST_VC18,"Car, truck, or van -- drove alone; Estimate; RACE AND HISPANIC OR LATINO ORIGIN - One race - White"
HC02_MOE_VC18,"Car, truck, or van -- drove alone; Margin of Error; RACE AND HISPANIC OR LATINO ORIGIN - One race - White"
HC03_EST_VC18,"Car, truck, or van -- carpooled; Estimate; RACE AND HISPANIC OR LATINO ORIGIN - One race - White"
HC03_MOE_VC18,"Car, truck, or van -- carpooled; Margin of Error; RACE AND HISPANIC OR LATINO ORIGIN - One race - White"
HC04_EST_VC18,Public transportation (excluding taxicab); Estimate; RACE AND HISPANIC OR LATINO ORIGIN - One race - White
HC04_MOE_VC18,Public transportation (excluding taxicab); Margin of Error; RACE AND HISPANIC OR LATINO ORIGIN - One race - White
HC01_EST_VC19,Total; Estimate; RACE AND HISPANIC OR LATINO ORIGIN - One race - Black or African American
HC01_MOE_VC19,Total; Margin of Error; RACE AND HISPANIC OR LATINO ORIGIN - One race - Black or African American
HC02_EST_VC19,"Car, truck, or van -- drove alone; Estimate; RACE AND HISPANIC OR LATINO ORIGIN - One race - Black or African American"
HC02_MOE_VC19,"Car, truck, or van -- drove alone; Margin of Error; RACE AND HISPANIC OR LATINO ORIGIN - One race - Black or African American"
HC03_EST_VC19,"Car, truck, or van -- carpooled; Estimate; RACE AND HISPANIC OR LATINO ORIGIN - One race - Black or African American"
HC03_MOE_VC19,"Car, truck, or van -- carpooled; Margin of Error; RACE AND HISPANIC OR LATINO ORIGIN - One race - Black or African American"
HC04_EST_VC19,Public transportation (excluding taxicab); Estimate; RACE AND HISPANIC OR LATINO ORIGIN - One race - Black or African American
HC04_MOE_VC19,Public transportation (excluding taxicab); Margin of Error; RACE AND HISPANIC OR LATINO ORIGIN - One race - Black or African American
HC01_EST_VC20,Total; Estimate; RACE AND HISPANIC OR LATINO ORIGIN - One race - American Indian and Alaska Native
HC01_MOE_VC20,Total; Margin of Error; RACE AND HISPANIC OR LATINO ORIGIN - One race - American Indian and Alaska Native
HC02_EST_VC20,"Car, truck, or van -- drove alone; Estimate; RACE AND HISPANIC OR LATINO ORIGIN - One race - American Indian and Alaska Native"
HC02_MOE_VC20,"Car, truck, or van -- drove alone; Margin of Error; RACE AND HISPANIC OR LATINO ORIGIN - One race - American Indian and Alaska Native"
HC03_EST_VC20,"Car, truck, or van -- carpooled; Estimate; RACE AND HISPANIC OR LATINO ORIGIN - One race - American Indian and Alaska Native"
HC03_MOE_VC20,"Car, truck, or van -- carpooled; Margin of Error; RACE AND HISPANIC OR LATINO ORIGIN - One race - American Indian and Alaska Native"
HC04_EST_VC20,Public transportation (excluding taxicab); Estimate; RACE AND HISPANIC OR LATINO ORIGIN - One race - American Indian and Alaska Native
HC04_MOE_VC20,Public transportation (excluding taxicab); Margin of Error; RACE AND HISPANIC OR LATINO ORIGIN - One race - American Indian and Alaska Native
HC01_EST_VC21,Total; Estimate; RACE AND HISPANIC OR LATINO ORIGIN - One race - Asian
HC01_MOE_VC21,Total; Margin of Error; RACE AND HISPANIC OR LATINO ORIGIN - One race - Asian
HC02_EST_VC21,"Car, truck, or van -- drove alone; Estimate; RACE AND HISPANIC OR LATINO ORIGIN - One race - Asian"
HC02_MOE_VC21,"Car, truck, or van -- drove alone; Margin of Error; RACE AND HISPANIC OR LATINO ORIGIN - One race - Asian"
HC03_EST_VC21,"Car, truck, or van -- carpooled; Estimate; RACE AND HISPANIC OR LATINO ORIGIN - One race - Asian"
HC03_MOE_VC21,"Car, truck, or van -- carpooled; Margin of Error; RACE AND HISPANIC OR LATINO ORIGIN - One race - Asian"
HC04_EST_VC21,Public transportation (excluding taxicab); Estimate; RACE AND HISPANIC OR LATINO ORIGIN - One race - Asian
HC04_MOE_VC21,Public transportation (excluding taxicab); Margin of Error; RACE AND HISPANIC OR LATINO ORIGIN - One race - Asian
HC01_EST_VC22,Total; Estimate; RACE AND HISPANIC OR LATINO ORIGIN - One race - Native Hawaiian and Other Pacific Islander
HC01_MOE_VC22,Total; Margin of Error; RACE AND HISPANIC OR LATINO ORIGIN - One race - Native Hawaiian and Other Pacific Islander
HC02_EST_VC22,"Car, truck, or van -- drove alone; Estimate; RACE AND HISPANIC OR LATINO ORIGIN - One race - Native Hawaiian and Other Pacific Islander"
HC02_MOE_VC22,"Car, truck, or van -- drove alone; Margin of Error; RACE AND HISPANIC OR LATINO ORIGIN - One race - Native Hawaiian and Other Pacific Islander"
HC03_EST_VC22,"Car, truck, or van -- carpooled; Estimate; RACE AND HISPANIC OR LATINO ORIGIN - One race - Native Hawaiian and Other Pacific Islander"
HC03_MOE_VC22,"Car, truck, or van -- carpooled; Margin of Error; RACE AND HISPANIC OR LATINO ORIGIN - One race - Native Hawaiian and Other Pacific Islander"
HC04_EST_VC22,Public transportation (excluding taxicab); Estimate; RACE AND HISPANIC OR LATINO ORIGIN - One race - Native Hawaiian and Other Pacific Islander
HC04_MOE_VC22,Public transportation (excluding taxicab); Margin of Error; RACE AND HISPANIC OR LATINO ORIGIN - One race - Native Hawaiian and Other Pacific Islander
HC01_EST_VC23,Total; Estimate; RACE AND HISPANIC OR LATINO ORIGIN - One race - Some other race
HC01_MOE_VC23,Total; Margin of Error; RACE AND HISPANIC OR LATINO ORIGIN - One race - Some other race
HC02_EST_VC23,"Car, truck, or van -- drove alone; Estimate; RACE AND HISPANIC OR LATINO ORIGIN - One race - Some other race"
HC02_MOE_VC23,"Car, truck, or van -- drove alone; Margin of Error; RACE AND HISPANIC OR LATINO ORIGIN - One race - Some other race"
HC03_EST_VC23,"Car, truck, or van -- carpooled; Estimate; RACE AND HISPANIC OR LATINO ORIGIN - One race - Some other race"
HC03_MOE_VC23,"Car, truck, or van -- carpooled; Margin of Error; RACE AND HISPANIC OR LATINO ORIGIN - One race - Some other race"
HC04_EST_VC23,Public transportation (excluding taxicab); Estimate; RACE AND HISPANIC OR LATINO ORIGIN - One race - Some other race
HC04_MOE_VC23,Public transportation (excluding taxicab); Margin of Error; RACE AND HISPANIC OR LATINO ORIGIN - One race - Some other race
HC01_EST_VC24,Total; Estimate; RACE AND HISPANIC OR LATINO ORIGIN - Two or more races
HC01_MOE_VC24,Total; Margin of Error; RACE AND HISPANIC OR LATINO ORIGIN - Two or more races
HC02_EST_VC24,"Car, truck, or van -- drove alone; Estimate; RACE AND HISPANIC OR LATINO ORIGIN - Two or more races"
HC02_MOE_VC24,"Car, truck, or van -- drove alone; Margin of Error; RACE AND HISPANIC OR LATINO ORIGIN - Two or more races"
HC03_EST_VC24,"Car, truck, or van -- carpooled; Estimate; RACE AND HISPANIC OR LATINO ORIGIN - Two or more races"
HC03_MOE_VC24,"Car, truck, or van -- carpooled; Margin of Error; RACE AND HISPANIC OR LATINO ORIGIN - Two or more races"
HC04_EST_VC24,Public transportation (excluding taxicab); Estimate; RACE AND HISPANIC OR LATINO ORIGIN - Two or more races
HC04_MOE_VC24,Public transportation (excluding taxicab); Margin of Error; RACE AND HISPANIC OR LATINO ORIGIN - Two or more races
HC01_EST_VC26,Total; Estimate; Hispanic or Latino origin (of any race)
HC01_MOE_VC26,Total; Margin of Error; Hispanic or Latino origin (of any race)
HC02_EST_VC26,"Car, truck, or van -- drove alone; Estimate; Hispanic or Latino origin (of any race)"
HC02_MOE_VC26,"Car, truck, or van -- drove alone; Margin of Error; Hispanic or Latino origin (of any race)"
HC03_EST_VC26,"Car, truck, or van -- carpooled; Estimate; Hispanic or Latino origin (of any race)"
HC03_MOE_VC26,"Car, truck, or van -- carpooled; Margin of Error; Hispanic or Latino origin (of any race)"
HC04_EST_VC26,Public transportation (excluding taxicab); Estimate; Hispanic or Latino origin (of any race)
HC04_MOE_VC26,Public transportation (excluding taxicab); Margin of Error; Hispanic or Latino origin (of any race)
HC01_EST_VC27,"Total; Estimate; White alone, not Hispanic or Latino origin"
HC01_MOE_VC27,"Total; Margin of Error; White alone, not Hispanic or Latino origin"
HC02_EST_VC27,"Car, truck, or van -- drove alone; Estimate; White alone, not Hispanic or Latino origin"
HC02_MOE_VC27,"Car, truck, or van -- drove alone; Margin of Error; White alone, not Hispanic or Latino origin"
HC03_EST_VC27,"Car, truck, or van -- carpooled; Estimate; White alone, not Hispanic or Latino origin"
HC03_MOE_VC27,"Car, truck, or van -- carpooled; Margin of Error; White alone, not Hispanic or Latino origin"
HC04_EST_VC27,"Public transportation (excluding taxicab); Estimate; White alone, not Hispanic or Latino origin"
HC04_MOE_VC27,"Public transportation (excluding taxicab); Margin of Error; White alone, not Hispanic or Latino origin"
HC01_EST_VC30,Total; Estimate; NATIVITY AND CITIZENSHIP STATUS - Native
HC01_MOE_VC30,Total; Margin of Error; NATIVITY AND CITIZENSHIP STATUS - Native
HC02_EST_VC30,"Car, truck, or van -- drove alone; Estimate; NATIVITY AND CITIZENSHIP STATUS - Native"
HC02_MOE_VC30,"Car, truck, or van -- drove alone; Margin of Error; NATIVITY AND CITIZENSHIP STATUS - Native"
HC03_EST_VC30,"Car, truck, or van -- carpooled; Estimate; NATIVITY AND CITIZENSHIP STATUS - Native"
HC03_MOE_VC30,"Car, truck, or van -- carpooled; Margin of Error; NATIVITY AND CITIZENSHIP STATUS - Native"
HC04_EST_VC30,Public transportation (excluding taxicab); Estimate; NATIVITY AND CITIZENSHIP STATUS - Native
HC04_MOE_VC30,Public transportation (excluding taxicab); Margin of Error; NATIVITY AND CITIZENSHIP STATUS - Native
HC01_EST_VC31,Total; Estimate; NATIVITY AND CITIZENSHIP STATUS - Foreign born
HC01_MOE_VC31,Total; Margin of Error; NATIVITY AND CITIZENSHIP STATUS - Foreign born
HC02_EST_VC31,"Car, truck, or van -- drove alone; Estimate; NATIVITY AND CITIZENSHIP STATUS - Foreign born"
HC02_MOE_VC31,"Car, truck, or van -- drove alone; Margin of Error; NATIVITY AND CITIZENSHIP STATUS - Foreign born"
HC03_EST_VC31,"Car, truck, or van -- carpooled; Estimate; NATIVITY AND CITIZENSHIP STATUS - Foreign born"
HC03_MOE_VC31,"Car, truck, or van -- carpooled; Margin of Error; NATIVITY AND CITIZENSHIP STATUS - Foreign born"
HC04_EST_VC31,Public transportation (excluding taxicab); Estimate; NATIVITY AND CITIZENSHIP STATUS - Foreign born
HC04_MOE_VC31,Public transportation (excluding taxicab); Margin of Error; NATIVITY AND CITIZENSHIP STATUS - Foreign born
HC01_EST_VC32,Total; Estimate; NATIVITY AND CITIZENSHIP STATUS - Foreign born - Naturalized U.S. citizen
HC01_MOE_VC32,Total; Margin of Error; NATIVITY AND CITIZENSHIP STATUS - Foreign born - Naturalized U.S. citizen
HC02_EST_VC32,"Car, truck, or van -- drove alone; Estimate; NATIVITY AND CITIZENSHIP STATUS - Foreign born - Naturalized U.S. citizen"
HC02_MOE_VC32,"Car, truck, or van -- drove alone; Margin of Error; NATIVITY AND CITIZENSHIP STATUS - Foreign born - Naturalized U.S. citizen"
HC03_EST_VC32,"Car, truck, or van -- carpooled; Estimate; NATIVITY AND CITIZENSHIP STATUS - Foreign born - Naturalized U.S. citizen"
HC03_MOE_VC32,"Car, truck, or van -- carpooled; Margin of Error; NATIVITY AND CITIZENSHIP STATUS - Foreign born - Naturalized U.S. citizen"
HC04_EST_VC32,Public transportation (excluding taxicab); Estimate; NATIVITY AND CITIZENSHIP STATUS - Foreign born - Naturalized U.S. citizen
HC04_MOE_VC32,Public transportation (excluding taxicab); Margin of Error; NATIVITY AND CITIZENSHIP STATUS - Foreign born - Naturalized U.S. citizen
HC01_EST_VC33,Total; Estimate; NATIVITY AND CITIZENSHIP STATUS - Foreign born - Not a U.S. citizen
HC01_MOE_VC33,Total; Margin of Error; NATIVITY AND CITIZENSHIP STATUS - Foreign born - Not a U.S. citizen
HC02_EST_VC33,"Car, truck, or van -- drove alone; Estimate; NATIVITY AND CITIZENSHIP STATUS - Foreign born - Not a U.S. citizen"
HC02_MOE_VC33,"Car, truck, or van -- drove alone; Margin of Error; NATIVITY AND CITIZENSHIP STATUS - Foreign born - Not a U.S. citizen"
HC03_EST_VC33,"Car, truck, or van -- carpooled; Estimate; NATIVITY AND CITIZENSHIP STATUS - Foreign born - Not a U.S. citizen"
HC03_MOE_VC33,"Car, truck, or van -- carpooled; Margin of Error; NATIVITY AND CITIZENSHIP STATUS - Foreign born - Not a U.S. citizen"
HC04_EST_VC33,Public transportation (excluding taxicab); Estimate; NATIVITY AND CITIZENSHIP STATUS - Foreign born - Not a U.S. citizen
HC04_MOE_VC33,Public transportation (excluding taxicab); Margin of Error; NATIVITY AND CITIZENSHIP STATUS - Foreign born - Not a U.S. citizen
HC01_EST_VC36,Total; Estimate; LANGUAGE SPOKEN AT HOME AND ABILITY TO SPEAK ENGLISH - Speak language other than English
HC01_MOE_VC36,Total; Margin of Error; LANGUAGE SPOKEN AT HOME AND ABILITY TO SPEAK ENGLISH - Speak language other than English
HC02_EST_VC36,"Car, truck, or van -- drove alone; Estimate; LANGUAGE SPOKEN AT HOME AND ABILITY TO SPEAK ENGLISH - Speak language other than English"
HC02_MOE_VC36,"Car, truck, or van -- drove alone; Margin of Error; LANGUAGE SPOKEN AT HOME AND ABILITY TO SPEAK ENGLISH - Speak language other than English"
HC03_EST_VC36,"Car, truck, or van -- carpooled; Estimate; LANGUAGE SPOKEN AT HOME AND ABILITY TO SPEAK ENGLISH - Speak language other than English"
HC03_MOE_VC36,"Car, truck, or van -- carpooled; Margin of Error; LANGUAGE SPOKEN AT HOME AND ABILITY TO SPEAK ENGLISH - Speak language other than English"
HC04_EST_VC36,Public transportation (excluding taxicab); Estimate; LANGUAGE SPOKEN AT HOME AND ABILITY TO SPEAK ENGLISH - Speak language other than English
HC04_MOE_VC36,Public transportation (excluding taxicab); Margin of Error; LANGUAGE SPOKEN AT HOME AND ABILITY TO SPEAK ENGLISH - Speak language other than English
HC01_EST_VC37,"Total; Estimate; LANGUAGE SPOKEN AT HOME AND ABILITY TO SPEAK ENGLISH - Speak language other than English - Speak English ""very well"""
HC01_MOE_VC37,"Total; Margin of Error; LANGUAGE SPOKEN AT HOME AND ABILITY TO SPEAK ENGLISH - Speak language other than English - Speak English ""very well"""
HC02_EST_VC37,"Car, truck, or van -- drove alone; Estimate; LANGUAGE SPOKEN AT HOME AND ABILITY TO SPEAK ENGLISH - Speak language other than English - Speak English ""very well"""
HC02_MOE_VC37,"Car, truck, or van -- drove alone; Margin of Error; LANGUAGE SPOKEN AT HOME AND ABILITY TO SPEAK ENGLISH - Speak language other than English - Speak English ""very well"""
HC03_EST_VC37,"Car, truck, or van -- carpooled; Estimate; LANGUAGE SPOKEN AT HOME AND ABILITY TO SPEAK ENGLISH - Speak language other than English - Speak English ""very well"""
HC03_MOE_VC37,"Car, truck, or van -- carpooled; Margin of Error; LANGUAGE SPOKEN AT HOME AND ABILITY TO SPEAK ENGLISH - Speak language other than English - Speak English ""very well"""
HC04_EST_VC37,"Public transportation (excluding taxicab); Estimate; LANGUAGE SPOKEN AT HOME AND ABILITY TO SPEAK ENGLISH - Speak language other than English - Speak English ""very well"""
HC04_MOE_VC37,"Public transportation (excluding taxicab); Margin of Error; LANGUAGE SPOKEN AT HOME AND ABILITY TO SPEAK ENGLISH - Speak language other than English - Speak English ""very well"""
HC01_EST_VC38,"Total; Estimate; LANGUAGE SPOKEN AT HOME AND ABILITY TO SPEAK ENGLISH - Speak language other than English - Speak English less than ""very well"""
HC01_MOE_VC38,"Total; Margin of Error; LANGUAGE SPOKEN AT HOME AND ABILITY TO SPEAK ENGLISH - Speak language other than English - Speak English less than ""very well"""
HC02_EST_VC38,"Car, truck, or van -- drove alone; Estimate; LANGUAGE SPOKEN AT HOME AND ABILITY TO SPEAK ENGLISH - Speak language other than English - Speak English less than ""very well"""
HC02_MOE_VC38,"Car, truck, or van -- drove alone; Margin of Error; LANGUAGE SPOKEN AT HOME AND ABILITY TO SPEAK ENGLISH - Speak language other than English - Speak English less than ""very well"""
HC03_EST_VC38,"Car, truck, or van -- carpooled; Estimate; LANGUAGE SPOKEN AT HOME AND ABILITY TO SPEAK ENGLISH - Speak language other than English - Speak English less than ""very well"""
HC03_MOE_VC38,"Car, truck, or van -- carpooled; Margin of Error; LANGUAGE SPOKEN AT HOME AND ABILITY TO SPEAK ENGLISH - Speak language other than English - Speak English less than ""very well"""
HC04_EST_VC38,"Public transportation (excluding taxicab); Estimate; LANGUAGE SPOKEN AT HOME AND ABILITY TO SPEAK ENGLISH - Speak language other than English - Speak English less than ""very well"""
HC04_MOE_VC38,"Public transportation (excluding taxicab); Margin of Error; LANGUAGE SPOKEN AT HOME AND ABILITY TO SPEAK ENGLISH - Speak language other than English - Speak English less than ""very well"""
HC01_EST_VC42,Total; Estimate; EARNINGS IN THE PAST 12 MONTHS (IN 2011 INFLATION-ADJUSTED DOLLARS) FOR WORKERS - Workers 16 years and over with earnings
HC01_MOE_VC42,Total; Margin of Error; EARNINGS IN THE PAST 12 MONTHS (IN 2011 INFLATION-ADJUSTED DOLLARS) FOR WORKERS - Workers 16 years and over with earnings
HC02_EST_VC42,"Car, truck, or van -- drove alone; Estimate; EARNINGS IN THE PAST 12 MONTHS (IN 2011 INFLATION-ADJUSTED DOLLARS) FOR WORKERS - Workers 16 years and over with earnings"
HC02_MOE_VC42,"Car, truck, or van -- drove alone; Margin of Error; EARNINGS IN THE PAST 12 MONTHS (IN 2011 INFLATION-ADJUSTED DOLLARS) FOR WORKERS - Workers 16 years and over with earnings"
HC03_EST_VC42,"Car, truck, or van -- carpooled; Estimate; EARNINGS IN THE PAST 12 MONTHS (IN 2011 INFLATION-ADJUSTED DOLLARS) FOR WORKERS - Workers 16 years and over with earnings"
HC03_MOE_VC42,"Car, truck, or van -- carpooled; Margin of Error; EARNINGS IN THE PAST 12 MONTHS (IN 2011 INFLATION-ADJUSTED DOLLARS) FOR WORKERS - Workers 16 years and over with earnings"
HC04_EST_VC42,Public transportation (excluding taxicab); Estimate; EARNINGS IN THE PAST 12 MONTHS (IN 2011 INFLATION-ADJUSTED DOLLARS) FOR WORKERS - Workers 16 years and over with earnings
HC04_MOE_VC42,Public transportation (excluding taxicab); Margin of Error; EARNINGS IN THE PAST 12 MONTHS (IN 2011 INFLATION-ADJUSTED DOLLARS) FOR WORKERS - Workers 16 years and over with earnings
HC01_EST_VC43,"Total; Estimate; EARNINGS IN THE PAST 12 MONTHS (IN 2011 INFLATION-ADJUSTED DOLLARS) FOR WORKERS - $1 to $9,999 or loss"
HC01_MOE_VC43,"Total; Margin of Error; EARNINGS IN THE PAST 12 MONTHS (IN 2011 INFLATION-ADJUSTED DOLLARS) FOR WORKERS - $1 to $9,999 or loss"
HC02_EST_VC43,"Car, truck, or van -- drove alone; Estimate; EARNINGS IN THE PAST 12 MONTHS (IN 2011 INFLATION-ADJUSTED DOLLARS) FOR WORKERS - $1 to $9,999 or loss"
HC02_MOE_VC43,"Car, truck, or van -- drove alone; Margin of Error; EARNINGS IN THE PAST 12 MONTHS (IN 2011 INFLATION-ADJUSTED DOLLARS) FOR WORKERS - $1 to $9,999 or loss"
HC03_EST_VC43,"Car, truck, or van -- carpooled; Estimate; EARNINGS IN THE PAST 12 MONTHS (IN 2011 INFLATION-ADJUSTED DOLLARS) FOR WORKERS - $1 to $9,999 or loss"
HC03_MOE_VC43,"Car, truck, or van -- carpooled; Margin of Error; EARNINGS IN THE PAST 12 MONTHS (IN 2011 INFLATION-ADJUSTED DOLLARS) FOR WORKERS - $1 to $9,999 or loss"
HC04_EST_VC43,"Public transportation (excluding taxicab); Estimate; EARNINGS IN THE PAST 12 MONTHS (IN 2011 INFLATION-ADJUSTED DOLLARS) FOR WORKERS - $1 to $9,999 or loss"
HC04_MOE_VC43,"Public transportation (excluding taxicab); Margin of Error; EARNINGS IN THE PAST 12 MONTHS (IN 2011 INFLATION-ADJUSTED DOLLARS) FOR WORKERS - $1 to $9,999 or loss"
HC01_EST_VC44,"Total; Estimate; EARNINGS IN THE PAST 12 MONTHS (IN 2011 INFLATION-ADJUSTED DOLLARS) FOR WORKERS - $10,000 to $14,999"
HC01_MOE_VC44,"Total; Margin of Error; EARNINGS IN THE PAST 12 MONTHS (IN 2011 INFLATION-ADJUSTED DOLLARS) FOR WORKERS - $10,000 to $14,999"
HC02_EST_VC44,"Car, truck, or van -- drove alone; Estimate; EARNINGS IN THE PAST 12 MONTHS (IN 2011 INFLATION-ADJUSTED DOLLARS) FOR WORKERS - $10,000 to $14,999"
HC02_MOE_VC44,"Car, truck, or van -- drove alone; Margin of Error; EARNINGS IN THE PAST 12 MONTHS (IN 2011 INFLATION-ADJUSTED DOLLARS) FOR WORKERS - $10,000 to $14,999"
HC03_EST_VC44,"Car, truck, or van -- carpooled; Estimate; EARNINGS IN THE PAST 12 MONTHS (IN 2011 INFLATION-ADJUSTED DOLLARS) FOR WORKERS - $10,000 to $14,999"
HC03_MOE_VC44,"Car, truck, or van -- carpooled; Margin of Error; EARNINGS IN THE PAST 12 MONTHS (IN 2011 INFLATION-ADJUSTED DOLLARS) FOR WORKERS - $10,000 to $14,999"
HC04_EST_VC44,"Public transportation (excluding taxicab); Estimate; EARNINGS IN THE PAST 12 MONTHS (IN 2011 INFLATION-ADJUSTED DOLLARS) FOR WORKERS - $10,000 to $14,999"
HC04_MOE_VC44,"Public transportation (excluding taxicab); Margin of Error; EARNINGS IN THE PAST 12 MONTHS (IN 2011 INFLATION-ADJUSTED DOLLARS) FOR WORKERS - $10,000 to $14,999"
HC01_EST_VC45,"Total; Estimate; EARNINGS IN THE PAST 12 MONTHS (IN 2011 INFLATION-ADJUSTED DOLLARS) FOR WORKERS - $15,000 to $24,999"
HC01_MOE_VC45,"Total; Margin of Error; EARNINGS IN THE PAST 12 MONTHS (IN 2011 INFLATION-ADJUSTED DOLLARS) FOR WORKERS - $15,000 to $24,999"
HC02_EST_VC45,"Car, truck, or van -- drove alone; Estimate; EARNINGS IN THE PAST 12 MONTHS (IN 2011 INFLATION-ADJUSTED DOLLARS) FOR WORKERS - $15,000 to $24,999"
HC02_MOE_VC45,"Car, truck, or van -- drove alone; Margin of Error; EARNINGS IN THE PAST 12 MONTHS (IN 2011 INFLATION-ADJUSTED DOLLARS) FOR WORKERS - $15,000 to $24,999"
HC03_EST_VC45,"Car, truck, or van -- carpooled; Estimate; EARNINGS IN THE PAST 12 MONTHS (IN 2011 INFLATION-ADJUSTED DOLLARS) FOR WORKERS - $15,000 to $24,999"
HC03_MOE_VC45,"Car, truck, or van -- carpooled; Margin of Error; EARNINGS IN THE PAST 12 MONTHS (IN 2011 INFLATION-ADJUSTED DOLLARS) FOR WORKERS - $15,000 to $24,999"
HC04_EST_VC45,"Public transportation (excluding taxicab); Estimate; EARNINGS IN THE PAST 12 MONTHS (IN 2011 INFLATION-ADJUSTED DOLLARS) FOR WORKERS - $15,000 to $24,999"
HC04_MOE_VC45,"Public transportation (excluding taxicab); Margin of Error; EARNINGS IN THE PAST 12 MONTHS (IN 2011 INFLATION-ADJUSTED DOLLARS) FOR WORKERS - $15,000 to $24,999"
HC01_EST_VC46,"Total; Estimate; EARNINGS IN THE PAST 12 MONTHS (IN 2011 INFLATION-ADJUSTED DOLLARS) FOR WORKERS - $25,000 to $34,999"
HC01_MOE_VC46,"Total; Margin of Error; EARNINGS IN THE PAST 12 MONTHS (IN 2011 INFLATION-ADJUSTED DOLLARS) FOR WORKERS - $25,000 to $34,999"
HC02_EST_VC46,"Car, truck, or van -- drove alone; Estimate; EARNINGS IN THE PAST 12 MONTHS (IN 2011 INFLATION-ADJUSTED DOLLARS) FOR WORKERS - $25,000 to $34,999"
HC02_MOE_VC46,"Car, truck, or van -- drove alone; Margin of Error; EARNINGS IN THE PAST 12 MONTHS (IN 2011 INFLATION-ADJUSTED DOLLARS) FOR WORKERS - $25,000 to $34,999"
HC03_EST_VC46,"Car, truck, or van -- carpooled; Estimate; EARNINGS IN THE PAST 12 MONTHS (IN 2011 INFLATION-ADJUSTED DOLLARS) FOR WORKERS - $25,000 to $34,999"
HC03_MOE_VC46,"Car, truck, or van -- carpooled; Margin of Error; EARNINGS IN THE PAST 12 MONTHS (IN 2011 INFLATION-ADJUSTED DOLLARS) FOR WORKERS - $25,000 to $34,999"
HC04_EST_VC46,"Public transportation (excluding taxicab); Estimate; EARNINGS IN THE PAST 12 MONTHS (IN 2011 INFLATION-ADJUSTED DOLLARS) FOR WORKERS - $25,000 to $34,999"
HC04_MOE_VC46,"Public transportation (excluding taxicab); Margin of Error; EARNINGS IN THE PAST 12 MONTHS (IN 2011 INFLATION-ADJUSTED DOLLARS) FOR WORKERS - $25,000 to $34,999"
HC01_EST_VC47,"Total; Estimate; EARNINGS IN THE PAST 12 MONTHS (IN 2011 INFLATION-ADJUSTED DOLLARS) FOR WORKERS - $35,000 to $49,999"
HC01_MOE_VC47,"Total; Margin of Error; EARNINGS IN THE PAST 12 MONTHS (IN 2011 INFLATION-ADJUSTED DOLLARS) FOR WORKERS - $35,000 to $49,999"
HC02_EST_VC47,"Car, truck, or van -- drove alone; Estimate; EARNINGS IN THE PAST 12 MONTHS (IN 2011 INFLATION-ADJUSTED DOLLARS) FOR WORKERS - $35,000 to $49,999"
HC02_MOE_VC47,"Car, truck, or van -- drove alone; Margin of Error; EARNINGS IN THE PAST 12 MONTHS (IN 2011 INFLATION-ADJUSTED DOLLARS) FOR WORKERS - $35,000 to $49,999"
HC03_EST_VC47,"Car, truck, or van -- carpooled; Estimate; EARNINGS IN THE PAST 12 MONTHS (IN 2011 INFLATION-ADJUSTED DOLLARS) FOR WORKERS - $35,000 to $49,999"
HC03_MOE_VC47,"Car, truck, or van -- carpooled; Margin of Error; EARNINGS IN THE PAST 12 MONTHS (IN 2011 INFLATION-ADJUSTED DOLLARS) FOR WORKERS - $35,000 to $49,999"
HC04_EST_VC47,"Public transportation (excluding taxicab); Estimate; EARNINGS IN THE PAST 12 MONTHS (IN 2011 INFLATION-ADJUSTED DOLLARS) FOR WORKERS - $35,000 to $49,999"
HC04_MOE_VC47,"Public transportation (excluding taxicab); Margin of Error; EARNINGS IN THE PAST 12 MONTHS (IN 2011 INFLATION-ADJUSTED DOLLARS) FOR WORKERS - $35,000 to $49,999"
HC01_EST_VC48,"Total; Estimate; EARNINGS IN THE PAST 12 MONTHS (IN 2011 INFLATION-ADJUSTED DOLLARS) FOR WORKERS - $50,000 to $64,999"
HC01_MOE_VC48,"Total; Margin of Error; EARNINGS IN THE PAST 12 MONTHS (IN 2011 INFLATION-ADJUSTED DOLLARS) FOR WORKERS - $50,000 to $64,999"
HC02_EST_VC48,"Car, truck, or van -- drove alone; Estimate; EARNINGS IN THE PAST 12 MONTHS (IN 2011 INFLATION-ADJUSTED DOLLARS) FOR WORKERS - $50,000 to $64,999"
HC02_MOE_VC48,"Car, truck, or van -- drove alone; Margin of Error; EARNINGS IN THE PAST 12 MONTHS (IN 2011 INFLATION-ADJUSTED DOLLARS) FOR WORKERS - $50,000 to $64,999"
HC03_EST_VC48,"Car, truck, or van -- carpooled; Estimate; EARNINGS IN THE PAST 12 MONTHS (IN 2011 INFLATION-ADJUSTED DOLLARS) FOR WORKERS - $50,000 to $64,999"
HC03_MOE_VC48,"Car, truck, or van -- carpooled; Margin of Error; EARNINGS IN THE PAST 12 MONTHS (IN 2011 INFLATION-ADJUSTED DOLLARS) FOR WORKERS - $50,000 to $64,999"
HC04_EST_VC48,"Public transportation (excluding taxicab); Estimate; EARNINGS IN THE PAST 12 MONTHS (IN 2011 INFLATION-ADJUSTED DOLLARS) FOR WORKERS - $50,000 to $64,999"
HC04_MOE_VC48,"Public transportation (excluding taxicab); Margin of Error; EARNINGS IN THE PAST 12 MONTHS (IN 2011 INFLATION-ADJUSTED DOLLARS) FOR WORKERS - $50,000 to $64,999"
HC01_EST_VC49,"Total; Estimate; EARNINGS IN THE PAST 12 MONTHS (IN 2011 INFLATION-ADJUSTED DOLLARS) FOR WORKERS - $65,000 to $74,999"
HC01_MOE_VC49,"Total; Margin of Error; EARNINGS IN THE PAST 12 MONTHS (IN 2011 INFLATION-ADJUSTED DOLLARS) FOR WORKERS - $65,000 to $74,999"
HC02_EST_VC49,"Car, truck, or van -- drove alone; Estimate; EARNINGS IN THE PAST 12 MONTHS (IN 2011 INFLATION-ADJUSTED DOLLARS) FOR WORKERS - $65,000 to $74,999"
HC02_MOE_VC49,"Car, truck, or van -- drove alone; Margin of Error; EARNINGS IN THE PAST 12 MONTHS (IN 2011 INFLATION-ADJUSTED DOLLARS) FOR WORKERS - $65,000 to $74,999"
HC03_EST_VC49,"Car, truck, or van -- carpooled; Estimate; EARNINGS IN THE PAST 12 MONTHS (IN 2011 INFLATION-ADJUSTED DOLLARS) FOR WORKERS - $65,000 to $74,999"
HC03_MOE_VC49,"Car, truck, or van -- carpooled; Margin of Error; EARNINGS IN THE PAST 12 MONTHS (IN 2011 INFLATION-ADJUSTED DOLLARS) FOR WORKERS - $65,000 to $74,999"
HC04_EST_VC49,"Public transportation (excluding taxicab); Estimate; EARNINGS IN THE PAST 12 MONTHS (IN 2011 INFLATION-ADJUSTED DOLLARS) FOR WORKERS - $65,000 to $74,999"
HC04_MOE_VC49,"Public transportation (excluding taxicab); Margin of Error; EARNINGS IN THE PAST 12 MONTHS (IN 2011 INFLATION-ADJUSTED DOLLARS) FOR WORKERS - $65,000 to $74,999"
HC01_EST_VC50,"Total; Estimate; EARNINGS IN THE PAST 12 MONTHS (IN 2011 INFLATION-ADJUSTED DOLLARS) FOR WORKERS - $75,000 or more"
HC01_MOE_VC50,"Total; Margin of Error; EARNINGS IN THE PAST 12 MONTHS (IN 2011 INFLATION-ADJUSTED DOLLARS) FOR WORKERS - $75,000 or more"
HC02_EST_VC50,"Car, truck, or van -- drove alone; Estimate; EARNINGS IN THE PAST 12 MONTHS (IN 2011 INFLATION-ADJUSTED DOLLARS) FOR WORKERS - $75,000 or more"
HC02_MOE_VC50,"Car, truck, or van -- drove alone; Margin of Error; EARNINGS IN THE PAST 12 MONTHS (IN 2011 INFLATION-ADJUSTED DOLLARS) FOR WORKERS - $75,000 or more"
HC03_EST_VC50,"Car, truck, or van -- carpooled; Estimate; EARNINGS IN THE PAST 12 MONTHS (IN 2011 INFLATION-ADJUSTED DOLLARS) FOR WORKERS - $75,000 or more"
HC03_MOE_VC50,"Car, truck, or van -- carpooled; Margin of Error; EARNINGS IN THE PAST 12 MONTHS (IN 2011 INFLATION-ADJUSTED DOLLARS) FOR WORKERS - $75,000 or more"
HC04_EST_VC50,"Public transportation (excluding taxicab); Estimate; EARNINGS IN THE PAST 12 MONTHS (IN 2011 INFLATION-ADJUSTED DOLLARS) FOR WORKERS - $75,000 or more"
HC04_MOE_VC50,"Public transportation (excluding taxicab); Margin of Error; EARNINGS IN THE PAST 12 MONTHS (IN 2011 INFLATION-ADJUSTED DOLLARS) FOR WORKERS - $75,000 or more"
HC01_EST_VC52,Total; Estimate; Median earnings (dollars)
HC01_MOE_VC52,Total; Margin of Error; Median earnings (dollars)
HC02_EST_VC52,"Car, truck, or van -- drove alone; Estimate; Median earnings (dollars)"
HC02_MOE_VC52,"Car, truck, or van -- drove alone; Margin of Error; Median earnings (dollars)"
HC03_EST_VC52,"Car, truck, or van -- carpooled; Estimate; Median earnings (dollars)"
HC03_MOE_VC52,"Car, truck, or van -- carpooled; Margin of Error; Median earnings (dollars)"
HC04_EST_VC52,Public transportation (excluding taxicab); Estimate; Median earnings (dollars)
HC04_MOE_VC52,Public transportation (excluding taxicab); Margin of Error; Median earnings (dollars)
HC01_EST_VC56,Total; Estimate; POVERTY STATUS IN THE PAST 12 MONTHS - Workers 16 years and over for whom poverty status is determined
HC01_MOE_VC56,Total; Margin of Error; POVERTY STATUS IN THE PAST 12 MONTHS - Workers 16 years and over for whom poverty status is determined
HC02_EST_VC56,"Car, truck, or van -- drove alone; Estimate; POVERTY STATUS IN THE PAST 12 MONTHS - Workers 16 years and over for whom poverty status is determined"
HC02_MOE_VC56,"Car, truck, or van -- drove alone; Margin of Error; POVERTY STATUS IN THE PAST 12 MONTHS - Workers 16 years and over for whom poverty status is determined"
HC03_EST_VC56,"Car, truck, or van -- carpooled; Estimate; POVERTY STATUS IN THE PAST 12 MONTHS - Workers 16 years and over for whom poverty status is determined"
HC03_MOE_VC56,"Car, truck, or van -- carpooled; Margin of Error; POVERTY STATUS IN THE PAST 12 MONTHS - Workers 16 years and over for whom poverty status is determined"
HC04_EST_VC56,Public transportation (excluding taxicab); Estimate; POVERTY STATUS IN THE PAST 12 MONTHS - Workers 16 years and over for whom poverty status is determined
HC04_MOE_VC56,Public transportation (excluding taxicab); Margin of Error; POVERTY STATUS IN THE PAST 12 MONTHS - Workers 16 years and over for whom poverty status is determined
HC01_EST_VC57,Total; Estimate; POVERTY STATUS IN THE PAST 12 MONTHS - Below 100 percent of the poverty level
HC01_MOE_VC57,Total; Margin of Error; POVERTY STATUS IN THE PAST 12 MONTHS - Below 100 percent of the poverty level
HC02_EST_VC57,"Car, truck, or van -- drove alone; Estimate; POVERTY STATUS IN THE PAST 12 MONTHS - Below 100 percent of the poverty level"
HC02_MOE_VC57,"Car, truck, or van -- drove alone; Margin of Error; POVERTY STATUS IN THE PAST 12 MONTHS - Below 100 percent of the poverty level"
HC03_EST_VC57,"Car, truck, or van -- carpooled; Estimate; POVERTY STATUS IN THE PAST 12 MONTHS - Below 100 percent of the poverty level"
HC03_MOE_VC57,"Car, truck, or van -- carpooled; Margin of Error; POVERTY STATUS IN THE PAST 12 MONTHS - Below 100 percent of the poverty level"
HC04_EST_VC57,Public transportation (excluding taxicab); Estimate; POVERTY STATUS IN THE PAST 12 MONTHS - Below 100 percent of the poverty level
HC04_MOE_VC57,Public transportation (excluding taxicab); Margin of Error; POVERTY STATUS IN THE PAST 12 MONTHS - Below 100 percent of the poverty level
HC01_EST_VC58,Total; Estimate; POVERTY STATUS IN THE PAST 12 MONTHS - 100 to 149 percent of the poverty level
HC01_MOE_VC58,Total; Margin of Error; POVERTY STATUS IN THE PAST 12 MONTHS - 100 to 149 percent of the poverty level
HC02_EST_VC58,"Car, truck, or van -- drove alone; Estimate; POVERTY STATUS IN THE PAST 12 MONTHS - 100 to 149 percent of the poverty level"
HC02_MOE_VC58,"Car, truck, or van -- drove alone; Margin of Error; POVERTY STATUS IN THE PAST 12 MONTHS - 100 to 149 percent of the poverty level"
HC03_EST_VC58,"Car, truck, or van -- carpooled; Estimate; POVERTY STATUS IN THE PAST 12 MONTHS - 100 to 149 percent of the poverty level"
HC03_MOE_VC58,"Car, truck, or van -- carpooled; Margin of Error; POVERTY STATUS IN THE PAST 12 MONTHS - 100 to 149 percent of the poverty level"
HC04_EST_VC58,Public transportation (excluding taxicab); Estimate; POVERTY STATUS IN THE PAST 12 MONTHS - 100 to 149 percent of the poverty level
HC04_MOE_VC58,Public transportation (excluding taxicab); Margin of Error; POVERTY STATUS IN THE PAST 12 MONTHS - 100 to 149 percent of the poverty level
HC01_EST_VC59,Total; Estimate; POVERTY STATUS IN THE PAST 12 MONTHS - At or above 150 percent of the poverty level
HC01_MOE_VC59,Total; Margin of Error; POVERTY STATUS IN THE PAST 12 MONTHS - At or above 150 percent of the poverty level
HC02_EST_VC59,"Car, truck, or van -- drove alone; Estimate; POVERTY STATUS IN THE PAST 12 MONTHS - At or above 150 percent of the poverty level"
HC02_MOE_VC59,"Car, truck, or van -- drove alone; Margin of Error; POVERTY STATUS IN THE PAST 12 MONTHS - At or above 150 percent of the poverty level"
HC03_EST_VC59,"Car, truck, or van -- carpooled; Estimate; POVERTY STATUS IN THE PAST 12 MONTHS - At or above 150 percent of the poverty level"
HC03_MOE_VC59,"Car, truck, or van -- carpooled; Margin of Error; POVERTY STATUS IN THE PAST 12 MONTHS - At or above 150 percent of the poverty level"
HC04_EST_VC59,Public transportation (excluding taxicab); Estimate; POVERTY STATUS IN THE PAST 12 MONTHS - At or above 150 percent of the poverty level
HC04_MOE_VC59,Public transportation (excluding taxicab); Margin of Error; POVERTY STATUS IN THE PAST 12 MONTHS - At or above 150 percent of the poverty level
HC01_EST_VC61,Total; Estimate; Workers 16 years and over
HC01_MOE_VC61,Total; Margin of Error; Workers 16 years and over
HC02_EST_VC61,"Car, truck, or van -- drove alone; Estimate; Workers 16 years and over"
HC02_MOE_VC61,"Car, truck, or van -- drove alone; Margin of Error; Workers 16 years and over"
HC03_EST_VC61,"Car, truck, or van -- carpooled; Estimate; Workers 16 years and over"
HC03_MOE_VC61,"Car, truck, or van -- carpooled; Margin of Error; Workers 16 years and over"
HC04_EST_VC61,Public transportation (excluding taxicab); Estimate; Workers 16 years and over
HC04_MOE_VC61,Public transportation (excluding taxicab); Margin of Error; Workers 16 years and over
HC01_EST_VC63,"Total; Estimate; OCCUPATION - Management, business, science, and arts occupations"
HC01_MOE_VC63,"Total; Margin of Error; OCCUPATION - Management, business, science, and arts occupations"
HC02_EST_VC63,"Car, truck, or van -- drove alone; Estimate; OCCUPATION - Management, business, science, and arts occupations"
HC02_MOE_VC63,"Car, truck, or van -- drove alone; Margin of Error; OCCUPATION - Management, business, science, and arts occupations"
HC03_EST_VC63,"Car, truck, or van -- carpooled; Estimate; OCCUPATION - Management, business, science, and arts occupations"
HC03_MOE_VC63,"Car, truck, or van -- carpooled; Margin of Error; OCCUPATION - Management, business, science, and arts occupations"
HC04_EST_VC63,"Public transportation (excluding taxicab); Estimate; OCCUPATION - Management, business, science, and arts occupations"
HC04_MOE_VC63,"Public transportation (excluding taxicab); Margin of Error; OCCUPATION - Management, business, science, and arts occupations"
HC01_EST_VC64,Total; Estimate; OCCUPATION - Service occupations
HC01_MOE_VC64,Total; Margin of Error; OCCUPATION - Service occupations
HC02_EST_VC64,"Car, truck, or van -- drove alone; Estimate; OCCUPATION - Service occupations"
HC02_MOE_VC64,"Car, truck, or van -- drove alone; Margin of Error; OCCUPATION - Service occupations"
HC03_EST_VC64,"Car, truck, or van -- carpooled; Estimate; OCCUPATION - Service occupations"
HC03_MOE_VC64,"Car, truck, or van -- carpooled; Margin of Error; OCCUPATION - Service occupations"
HC04_EST_VC64,Public transportation (excluding taxicab); Estimate; OCCUPATION - Service occupations
HC04_MOE_VC64,Public transportation (excluding taxicab); Margin of Error; OCCUPATION - Service occupations
HC01_EST_VC65,Total; Estimate; OCCUPATION - Sales and office occupations
HC01_MOE_VC65,Total; Margin of Error; OCCUPATION - Sales and office occupations
HC02_EST_VC65,"Car, truck, or van -- drove alone; Estimate; OCCUPATION - Sales and office occupations"
HC02_MOE_VC65,"Car, truck, or van -- drove alone; Margin of Error; OCCUPATION - Sales and office occupations"
HC03_EST_VC65,"Car, truck, or van -- carpooled; Estimate; OCCUPATION - Sales and office occupations"
HC03_MOE_VC65,"Car, truck, or van -- carpooled; Margin of Error; OCCUPATION - Sales and office occupations"
HC04_EST_VC65,Public transportation (excluding taxicab); Estimate; OCCUPATION - Sales and office occupations
HC04_MOE_VC65,Public transportation (excluding taxicab); Margin of Error; OCCUPATION - Sales and office occupations
HC01_EST_VC66,"Total; Estimate; OCCUPATION - Natural resources, construction, and maintenance occupations"
HC01_MOE_VC66,"Total; Margin of Error; OCCUPATION - Natural resources, construction, and maintenance occupations"
HC02_EST_VC66,"Car, truck, or van -- drove alone; Estimate; OCCUPATION - Natural resources, construction, and maintenance occupations"
HC02_MOE_VC66,"Car, truck, or van -- drove alone; Margin of Error; OCCUPATION - Natural resources, construction, and maintenance occupations"
HC03_EST_VC66,"Car, truck, or van -- carpooled; Estimate; OCCUPATION - Natural resources, construction, and maintenance occupations"
HC03_MOE_VC66,"Car, truck, or van -- carpooled; Margin of Error; OCCUPATION - Natural resources, construction, and maintenance occupations"
HC04_EST_VC66,"Public transportation (excluding taxicab); Estimate; OCCUPATION - Natural resources, construction, and maintenance occupations"
HC04_MOE_VC66,"Public transportation (excluding taxicab); Margin of Error; OCCUPATION - Natural resources, construction, and maintenance occupations"
HC01_EST_VC67,"Total; Estimate; OCCUPATION - Production, transportation, and material moving occupations"
HC01_MOE_VC67,"Total; Margin of Error; OCCUPATION - Production, transportation, and material moving occupations"
HC02_EST_VC67,"Car, truck, or van -- drove alone; Estimate; OCCUPATION - Production, transportation, and material moving occupations"
HC02_MOE_VC67,"Car, truck, or van -- drove alone; Margin of Error; OCCUPATION - Production, transportation, and material moving occupations"
HC03_EST_VC67,"Car, truck, or van -- carpooled; Estimate; OCCUPATION - Production, transportation, and material moving occupations"
HC03_MOE_VC67,"Car, truck, or van -- carpooled; Margin of Error; OCCUPATION - Production, transportation, and material moving occupations"
HC04_EST_VC67,"Public transportation (excluding taxicab); Estimate; OCCUPATION - Production, transportation, and material moving occupations"
HC04_MOE_VC67,"Public transportation (excluding taxicab); Margin of Error; OCCUPATION - Production, transportation, and material moving occupations"
HC01_EST_VC68,Total; Estimate; OCCUPATION - Military specific occupations
HC01_MOE_VC68,Total; Margin of Error; OCCUPATION - Military specific occupations
HC02_EST_VC68,"Car, truck, or van -- drove alone; Estimate; OCCUPATION - Military specific occupations"
HC02_MOE_VC68,"Car, truck, or van -- drove alone; Margin of Error; OCCUPATION - Military specific occupations"
HC03_EST_VC68,"Car, truck, or van -- carpooled; Estimate; OCCUPATION - Military specific occupations"
HC03_MOE_VC68,"Car, truck, or van -- carpooled; Margin of Error; OCCUPATION - Military specific occupations"
HC04_EST_VC68,Public transportation (excluding taxicab); Estimate; OCCUPATION - Military specific occupations
HC04_MOE_VC68,Public transportation (excluding taxicab); Margin of Error; OCCUPATION - Military specific occupations
HC01_EST_VC71,"Total; Estimate; INDUSTRY - Agriculture, forestry, fishing and hunting, and mining"
HC01_MOE_VC71,"Total; Margin of Error; INDUSTRY - Agriculture, forestry, fishing and hunting, and mining"
HC02_EST_VC71,"Car, truck, or van -- drove alone; Estimate; INDUSTRY - Agriculture, forestry, fishing and hunting, and mining"
HC02_MOE_VC71,"Car, truck, or van -- drove alone; Margin of Error; INDUSTRY - Agriculture, forestry, fishing and hunting, and mining"
HC03_EST_VC71,"Car, truck, or van -- carpooled; Estimate; INDUSTRY - Agriculture, forestry, fishing and hunting, and mining"
HC03_MOE_VC71,"Car, truck, or van -- carpooled; Margin of Error; INDUSTRY - Agriculture, forestry, fishing and hunting, and mining"
HC04_EST_VC71,"Public transportation (excluding taxicab); Estimate; INDUSTRY - Agriculture, forestry, fishing and hunting, and mining"
HC04_MOE_VC71,"Public transportation (excluding taxicab); Margin of Error; INDUSTRY - Agriculture, forestry, fishing and hunting, and mining"
HC01_EST_VC72,Total; Estimate; INDUSTRY - Construction
HC01_MOE_VC72,Total; Margin of Error; INDUSTRY - Construction
HC02_EST_VC72,"Car, truck, or van -- drove alone; Estimate; INDUSTRY - Construction"
HC02_MOE_VC72,"Car, truck, or van -- drove alone; Margin of Error; INDUSTRY - Construction"
HC03_EST_VC72,"Car, truck, or van -- carpooled; Estimate; INDUSTRY - Construction"
HC03_MOE_VC72,"Car, truck, or van -- carpooled; Margin of Error; INDUSTRY - Construction"
HC04_EST_VC72,Public transportation (excluding taxicab); Estimate; INDUSTRY - Construction
HC04_MOE_VC72,Public transportation (excluding taxicab); Margin of Error; INDUSTRY - Construction
HC01_EST_VC73,Total; Estimate; INDUSTRY - Manufacturing
HC01_MOE_VC73,Total; Margin of Error; INDUSTRY - Manufacturing
HC02_EST_VC73,"Car, truck, or van -- drove alone; Estimate; INDUSTRY - Manufacturing"
HC02_MOE_VC73,"Car, truck, or van -- drove alone; Margin of Error; INDUSTRY - Manufacturing"
HC03_EST_VC73,"Car, truck, or van -- carpooled; Estimate; INDUSTRY - Manufacturing"
HC03_MOE_VC73,"Car, truck, or van -- carpooled; Margin of Error; INDUSTRY - Manufacturing"
HC04_EST_VC73,Public transportation (excluding taxicab); Estimate; INDUSTRY - Manufacturing
HC04_MOE_VC73,Public transportation (excluding taxicab); Margin of Error; INDUSTRY - Manufacturing
HC01_EST_VC74,Total; Estimate; INDUSTRY - Wholesale trade
HC01_MOE_VC74,Total; Margin of Error; INDUSTRY - Wholesale trade
HC02_EST_VC74,"Car, truck, or van -- drove alone; Estimate; INDUSTRY - Wholesale trade"
HC02_MOE_VC74,"Car, truck, or van -- drove alone; Margin of Error; INDUSTRY - Wholesale trade"
HC03_EST_VC74,"Car, truck, or van -- carpooled; Estimate; INDUSTRY - Wholesale trade"
HC03_MOE_VC74,"Car, truck, or van -- carpooled; Margin of Error; INDUSTRY - Wholesale trade"
HC04_EST_VC74,Public transportation (excluding taxicab); Estimate; INDUSTRY - Wholesale trade
HC04_MOE_VC74,Public transportation (excluding taxicab); Margin of Error; INDUSTRY - Wholesale trade
HC01_EST_VC75,Total; Estimate; INDUSTRY - Retail trade
HC01_MOE_VC75,Total; Margin of Error; INDUSTRY - Retail trade
HC02_EST_VC75,"Car, truck, or van -- drove alone; Estimate; INDUSTRY - Retail trade"
HC02_MOE_VC75,"Car, truck, or van -- drove alone; Margin of Error; INDUSTRY - Retail trade"
HC03_EST_VC75,"Car, truck, or van -- carpooled; Estimate; INDUSTRY - Retail trade"
HC03_MOE_VC75,"Car, truck, or van -- carpooled; Margin of Error; INDUSTRY - Retail trade"
HC04_EST_VC75,Public transportation (excluding taxicab); Estimate; INDUSTRY - Retail trade
HC04_MOE_VC75,Public transportation (excluding taxicab); Margin of Error; INDUSTRY - Retail trade
HC01_EST_VC76,"Total; Estimate; INDUSTRY - Transportation and warehousing, and utilities"
HC01_MOE_VC76,"Total; Margin of Error; INDUSTRY - Transportation and warehousing, and utilities"
HC02_EST_VC76,"Car, truck, or van -- drove alone; Estimate; INDUSTRY - Transportation and warehousing, and utilities"
HC02_MOE_VC76,"Car, truck, or van -- drove alone; Margin of Error; INDUSTRY - Transportation and warehousing, and utilities"
HC03_EST_VC76,"Car, truck, or van -- carpooled; Estimate; INDUSTRY - Transportation and warehousing, and utilities"
HC03_MOE_VC76,"Car, truck, or van -- carpooled; Margin of Error; INDUSTRY - Transportation and warehousing, and utilities"
HC04_EST_VC76,"Public transportation (excluding taxicab); Estimate; INDUSTRY - Transportation and warehousing, and utilities"
HC04_MOE_VC76,"Public transportation (excluding taxicab); Margin of Error; INDUSTRY - Transportation and warehousing, and utilities"
HC01_EST_VC77,"Total; Estimate; INDUSTRY - Information and finance and insurance, and real estate and rental and leasing"
HC01_MOE_VC77,"Total; Margin of Error; INDUSTRY - Information and finance and insurance, and real estate and rental and leasing"
HC02_EST_VC77,"Car, truck, or van -- drove alone; Estimate; INDUSTRY - Information and finance and insurance, and real estate and rental and leasing"
HC02_MOE_VC77,"Car, truck, or van -- drove alone; Margin of Error; INDUSTRY - Information and finance and insurance, and real estate and rental and leasing"
HC03_EST_VC77,"Car, truck, or van -- carpooled; Estimate; INDUSTRY - Information and finance and insurance, and real estate and rental and leasing"
HC03_MOE_VC77,"Car, truck, or van -- carpooled; Margin of Error; INDUSTRY - Information and finance and insurance, and real estate and rental and leasing"
HC04_EST_VC77,"Public transportation (excluding taxicab); Estimate; INDUSTRY - Information and finance and insurance, and real estate and rental and leasing"
HC04_MOE_VC77,"Public transportation (excluding taxicab); Margin of Error; INDUSTRY - Information and finance and insurance, and real estate and rental and leasing"
HC01_EST_VC78,"Total; Estimate; INDUSTRY - Professional, scientific, and management, and administrative and waste management services"
HC01_MOE_VC78,"Total; Margin of Error; INDUSTRY - Professional, scientific, and management, and administrative and waste management services"
HC02_EST_VC78,"Car, truck, or van -- drove alone; Estimate; INDUSTRY - Professional, scientific, and management, and administrative and waste management services"
HC02_MOE_VC78,"Car, truck, or van -- drove alone; Margin of Error; INDUSTRY - Professional, scientific, and management, and administrative and waste management services"
HC03_EST_VC78,"Car, truck, or van -- carpooled; Estimate; INDUSTRY - Professional, scientific, and management, and administrative and waste management services"
HC03_MOE_VC78,"Car, truck, or van -- carpooled; Margin of Error; INDUSTRY - Professional, scientific, and management, and administrative and waste management services"
HC04_EST_VC78,"Public transportation (excluding taxicab); Estimate; INDUSTRY - Professional, scientific, and management, and administrative and waste management services"
HC04_MOE_VC78,"Public transportation (excluding taxicab); Margin of Error; INDUSTRY - Professional, scientific, and management, and administrative and waste management services"
HC01_EST_VC79,"Total; Estimate; INDUSTRY - Educational services, and health care and social assistance"
HC01_MOE_VC79,"Total; Margin of Error; INDUSTRY - Educational services, and health care and social assistance"
HC02_EST_VC79,"Car, truck, or van -- drove alone; Estimate; INDUSTRY - Educational services, and health care and social assistance"
HC02_MOE_VC79,"Car, truck, or van -- drove alone; Margin of Error; INDUSTRY - Educational services, and health care and social assistance"
HC03_EST_VC79,"Car, truck, or van -- carpooled; Estimate; INDUSTRY - Educational services, and health care and social assistance"
HC03_MOE_VC79,"Car, truck, or van -- carpooled; Margin of Error; INDUSTRY - Educational services, and health care and social assistance"
HC04_EST_VC79,"Public transportation (excluding taxicab); Estimate; INDUSTRY - Educational services, and health care and social assistance"
HC04_MOE_VC79,"Public transportation (excluding taxicab); Margin of Error; INDUSTRY - Educational services, and health care and social assistance"
HC01_EST_VC80,"Total; Estimate; INDUSTRY - Arts, entertainment, and recreation, and accommodation and food services"
HC01_MOE_VC80,"Total; Margin of Error; INDUSTRY - Arts, entertainment, and recreation, and accommodation and food services"
HC02_EST_VC80,"Car, truck, or van -- drove alone; Estimate; INDUSTRY - Arts, entertainment, and recreation, and accommodation and food services"
HC02_MOE_VC80,"Car, truck, or van -- drove alone; Margin of Error; INDUSTRY - Arts, entertainment, and recreation, and accommodation and food services"
HC03_EST_VC80,"Car, truck, or van -- carpooled; Estimate; INDUSTRY - Arts, entertainment, and recreation, and accommodation and food services"
HC03_MOE_VC80,"Car, truck, or van -- carpooled; Margin of Error; INDUSTRY - Arts, entertainment, and recreation, and accommodation and food services"
HC04_EST_VC80,"Public transportation (excluding taxicab); Estimate; INDUSTRY - Arts, entertainment, and recreation, and accommodation and food services"
HC04_MOE_VC80,"Public transportation (excluding taxicab); Margin of Error; INDUSTRY - Arts, entertainment, and recreation, and accommodation and food services"
HC01_EST_VC81,Total; Estimate; INDUSTRY - Other services (except public administration)
HC01_MOE_VC81,Total; Margin of Error; INDUSTRY - Other services (except public administration)
HC02_EST_VC81,"Car, truck, or van -- drove alone; Estimate; INDUSTRY - Other services (except public administration)"
HC02_MOE_VC81,"Car, truck, or van -- drove alone; Margin of Error; INDUSTRY - Other services (except public administration)"
HC03_EST_VC81,"Car, truck, or van -- carpooled; Estimate; INDUSTRY - Other services (except public administration)"
HC03_MOE_VC81,"Car, truck, or van -- carpooled; Margin of Error; INDUSTRY - Other services (except public administration)"
HC04_EST_VC81,Public transportation (excluding taxicab); Estimate; INDUSTRY - Other services (except public administration)
HC04_MOE_VC81,Public transportation (excluding taxicab); Margin of Error; INDUSTRY - Other services (except public administration)
HC01_EST_VC82,Total; Estimate; INDUSTRY - Public administration
HC01_MOE_VC82,Total; Margin of Error; INDUSTRY - Public administration
HC02_EST_VC82,"Car, truck, or van -- drove alone; Estimate; INDUSTRY - Public administration"
HC02_MOE_VC82,"Car, truck, or van -- drove alone; Margin of Error; INDUSTRY - Public administration"
HC03_EST_VC82,"Car, truck, or van -- carpooled; Estimate; INDUSTRY - Public administration"
HC03_MOE_VC82,"Car, truck, or van -- carpooled; Margin of Error; INDUSTRY - Public administration"
HC04_EST_VC82,Public transportation (excluding taxicab); Estimate; INDUSTRY - Public administration
HC04_MOE_VC82,Public transportation (excluding taxicab); Margin of Error; INDUSTRY - Public administration
HC01_EST_VC83,Total; Estimate; INDUSTRY - Armed forces
HC01_MOE_VC83,Total; Margin of Error; INDUSTRY - Armed forces
HC02_EST_VC83,"Car, truck, or van -- drove alone; Estimate; INDUSTRY - Armed forces"
HC02_MOE_VC83,"Car, truck, or van -- drove alone; Margin of Error; INDUSTRY - Armed forces"
HC03_EST_VC83,"Car, truck, or van -- carpooled; Estimate; INDUSTRY - Armed forces"
HC03_MOE_VC83,"Car, truck, or van -- carpooled; Margin of Error; INDUSTRY - Armed forces"
HC04_EST_VC83,Public transportation (excluding taxicab); Estimate; INDUSTRY - Armed forces
HC04_MOE_VC83,Public transportation (excluding taxicab); Margin of Error; INDUSTRY - Armed forces
HC01_EST_VC86,Total; Estimate; CLASS OF WORKER - Private wage and salary workers
HC01_MOE_VC86,Total; Margin of Error; CLASS OF WORKER - Private wage and salary workers
HC02_EST_VC86,"Car, truck, or van -- drove alone; Estimate; CLASS OF WORKER - Private wage and salary workers"
HC02_MOE_VC86,"Car, truck, or van -- drove alone; Margin of Error; CLASS OF WORKER - Private wage and salary workers"
HC03_EST_VC86,"Car, truck, or van -- carpooled; Estimate; CLASS OF WORKER - Private wage and salary workers"
HC03_MOE_VC86,"Car, truck, or van -- carpooled; Margin of Error; CLASS OF WORKER - Private wage and salary workers"
HC04_EST_VC86,Public transportation (excluding taxicab); Estimate; CLASS OF WORKER - Private wage and salary workers
HC04_MOE_VC86,Public transportation (excluding taxicab); Margin of Error; CLASS OF WORKER - Private wage and salary workers
HC01_EST_VC87,Total; Estimate; CLASS OF WORKER - Government workers
HC01_MOE_VC87,Total; Margin of Error; CLASS OF WORKER - Government workers
HC02_EST_VC87,"Car, truck, or van -- drove alone; Estimate; CLASS OF WORKER - Government workers"
HC02_MOE_VC87,"Car, truck, or van -- drove alone; Margin of Error; CLASS OF WORKER - Government workers"
HC03_EST_VC87,"Car, truck, or van -- carpooled; Estimate; CLASS OF WORKER - Government workers"
HC03_MOE_VC87,"Car, truck, or van -- carpooled; Margin of Error; CLASS OF WORKER - Government workers"
HC04_EST_VC87,Public transportation (excluding taxicab); Estimate; CLASS OF WORKER - Government workers
HC04_MOE_VC87,Public transportation (excluding taxicab); Margin of Error; CLASS OF WORKER - Government workers
HC01_EST_VC88,Total; Estimate; CLASS OF WORKER - Self-employed workers in own not incorporated business
HC01_MOE_VC88,Total; Margin of Error; CLASS OF WORKER - Self-employed workers in own not incorporated business
HC02_EST_VC88,"Car, truck, or van -- drove alone; Estimate; CLASS OF WORKER - Self-employed workers in own not incorporated business"
HC02_MOE_VC88,"Car, truck, or van -- drove alone; Margin of Error; CLASS OF WORKER - Self-employed workers in own not incorporated business"
HC03_EST_VC88,"Car, truck, or van -- carpooled; Estimate; CLASS OF WORKER - Self-employed workers in own not incorporated business"
HC03_MOE_VC88,"Car, truck, or van -- carpooled; Margin of Error; CLASS OF WORKER - Self-employed workers in own not incorporated business"
HC04_EST_VC88,Public transportation (excluding taxicab); Estimate; CLASS OF WORKER - Self-employed workers in own not incorporated business
HC04_MOE_VC88,Public transportation (excluding taxicab); Margin of Error; CLASS OF WORKER - Self-employed workers in own not incorporated business
HC01_EST_VC89,Total; Estimate; CLASS OF WORKER - Unpaid family workers
HC01_MOE_VC89,Total; Margin of Error; CLASS OF WORKER - Unpaid family workers
HC02_EST_VC89,"Car, truck, or van -- drove alone; Estimate; CLASS OF WORKER - Unpaid family workers"
HC02_MOE_VC89,"Car, truck, or van -- drove alone; Margin of Error; CLASS OF WORKER - Unpaid family workers"
HC03_EST_VC89,"Car, truck, or van -- carpooled; Estimate; CLASS OF WORKER - Unpaid family workers"
HC03_MOE_VC89,"Car, truck, or van -- carpooled; Margin of Error; CLASS OF WORKER - Unpaid family workers"
HC04_EST_VC89,Public transportation (excluding taxicab); Estimate; CLASS OF WORKER - Unpaid family workers
HC04_MOE_VC89,Public transportation (excluding taxicab); Margin of Error; CLASS OF WORKER - Unpaid family workers
HC01_EST_VC91,Total; Estimate; Workers 16 years and over who did not work at home
HC01_MOE_VC91,Total; Margin of Error; Workers 16 years and over who did not work at home
HC02_EST_VC91,"Car, truck, or van -- drove alone; Estimate; Workers 16 years and over who did not work at home"
HC02_MOE_VC91,"Car, truck, or van -- drove alone; Margin of Error; Workers 16 years and over who did not work at home"
HC03_EST_VC91,"Car, truck, or van -- carpooled; Estimate; Workers 16 years and over who did not work at home"
HC03_MOE_VC91,"Car, truck, or van -- carpooled; Margin of Error; Workers 16 years and over who did not work at home"
HC04_EST_VC91,Public transportation (excluding taxicab); Estimate; Workers 16 years and over who did not work at home
HC04_MOE_VC91,Public transportation (excluding taxicab); Margin of Error; Workers 16 years and over who did not work at home
HC01_EST_VC93,Total; Estimate; TIME ARRIVING AT WORK FROM HOME - 12:00 a.m. to 4:59 a.m.
HC01_MOE_VC93,Total; Margin of Error; TIME ARRIVING AT WORK FROM HOME - 12:00 a.m. to 4:59 a.m.
HC02_EST_VC93,"Car, truck, or van -- drove alone; Estimate; TIME ARRIVING AT WORK FROM HOME - 12:00 a.m. to 4:59 a.m."
HC02_MOE_VC93,"Car, truck, or van -- drove alone; Margin of Error; TIME ARRIVING AT WORK FROM HOME - 12:00 a.m. to 4:59 a.m."
HC03_EST_VC93,"Car, truck, or van -- carpooled; Estimate; TIME ARRIVING AT WORK FROM HOME - 12:00 a.m. to 4:59 a.m."
HC03_MOE_VC93,"Car, truck, or van -- carpooled; Margin of Error; TIME ARRIVING AT WORK FROM HOME - 12:00 a.m. to 4:59 a.m."
HC04_EST_VC93,Public transportation (excluding taxicab); Estimate; TIME ARRIVING AT WORK FROM HOME - 12:00 a.m. to 4:59 a.m.
HC04_MOE_VC93,Public transportation (excluding taxicab); Margin of Error; TIME ARRIVING AT WORK FROM HOME - 12:00 a.m. to 4:59 a.m.
HC01_EST_VC94,Total; Estimate; TIME ARRIVING AT WORK FROM HOME - 5:00 a.m. to 5:29 a.m.
HC01_MOE_VC94,Total; Margin of Error; TIME ARRIVING AT WORK FROM HOME - 5:00 a.m. to 5:29 a.m.
HC02_EST_VC94,"Car, truck, or van -- drove alone; Estimate; TIME ARRIVING AT WORK FROM HOME - 5:00 a.m. to 5:29 a.m."
HC02_MOE_VC94,"Car, truck, or van -- drove alone; Margin of Error; TIME ARRIVING AT WORK FROM HOME - 5:00 a.m. to 5:29 a.m."
HC03_EST_VC94,"Car, truck, or van -- carpooled; Estimate; TIME ARRIVING AT WORK FROM HOME - 5:00 a.m. to 5:29 a.m."
HC03_MOE_VC94,"Car, truck, or van -- carpooled; Margin of Error; TIME ARRIVING AT WORK FROM HOME - 5:00 a.m. to 5:29 a.m."
HC04_EST_VC94,Public transportation (excluding taxicab); Estimate; TIME ARRIVING AT WORK FROM HOME - 5:00 a.m. to 5:29 a.m.
HC04_MOE_VC94,Public transportation (excluding taxicab); Margin of Error; TIME ARRIVING AT WORK FROM HOME - 5:00 a.m. to 5:29 a.m.
HC01_EST_VC95,Total; Estimate; TIME ARRIVING AT WORK FROM HOME - 5:30 a.m. to 5:59 a.m.
HC01_MOE_VC95,Total; Margin of Error; TIME ARRIVING AT WORK FROM HOME - 5:30 a.m. to 5:59 a.m.
HC02_EST_VC95,"Car, truck, or van -- drove alone; Estimate; TIME ARRIVING AT WORK FROM HOME - 5:30 a.m. to 5:59 a.m."
HC02_MOE_VC95,"Car, truck, or van -- drove alone; Margin of Error; TIME ARRIVING AT WORK FROM HOME - 5:30 a.m. to 5:59 a.m."
HC03_EST_VC95,"Car, truck, or van -- carpooled; Estimate; TIME ARRIVING AT WORK FROM HOME - 5:30 a.m. to 5:59 a.m."
HC03_MOE_VC95,"Car, truck, or van -- carpooled; Margin of Error; TIME ARRIVING AT WORK FROM HOME - 5:30 a.m. to 5:59 a.m."
HC04_EST_VC95,Public transportation (excluding taxicab); Estimate; TIME ARRIVING AT WORK FROM HOME - 5:30 a.m. to 5:59 a.m.
HC04_MOE_VC95,Public transportation (excluding taxicab); Margin of Error; TIME ARRIVING AT WORK FROM HOME - 5:30 a.m. to 5:59 a.m.
HC01_EST_VC96,Total; Estimate; TIME ARRIVING AT WORK FROM HOME - 6:00 a.m. to 6:29 a.m.
HC01_MOE_VC96,Total; Margin of Error; TIME ARRIVING AT WORK FROM HOME - 6:00 a.m. to 6:29 a.m.
HC02_EST_VC96,"Car, truck, or van -- drove alone; Estimate; TIME ARRIVING AT WORK FROM HOME - 6:00 a.m. to 6:29 a.m."
HC02_MOE_VC96,"Car, truck, or van -- drove alone; Margin of Error; TIME ARRIVING AT WORK FROM HOME - 6:00 a.m. to 6:29 a.m."
HC03_EST_VC96,"Car, truck, or van -- carpooled; Estimate; TIME ARRIVING AT WORK FROM HOME - 6:00 a.m. to 6:29 a.m."
HC03_MOE_VC96,"Car, truck, or van -- carpooled; Margin of Error; TIME ARRIVING AT WORK FROM HOME - 6:00 a.m. to 6:29 a.m."
HC04_EST_VC96,Public transportation (excluding taxicab); Estimate; TIME ARRIVING AT WORK FROM HOME - 6:00 a.m. to 6:29 a.m.
HC04_MOE_VC96,Public transportation (excluding taxicab); Margin of Error; TIME ARRIVING AT WORK FROM HOME - 6:00 a.m. to 6:29 a.m.
HC01_EST_VC97,Total; Estimate; TIME ARRIVING AT WORK FROM HOME - 6:30 a.m. to 6:59 a.m.
HC01_MOE_VC97,Total; Margin of Error; TIME ARRIVING AT WORK FROM HOME - 6:30 a.m. to 6:59 a.m.
HC02_EST_VC97,"Car, truck, or van -- drove alone; Estimate; TIME ARRIVING AT WORK FROM HOME - 6:30 a.m. to 6:59 a.m."
HC02_MOE_VC97,"Car, truck, or van -- drove alone; Margin of Error; TIME ARRIVING AT WORK FROM HOME - 6:30 a.m. to 6:59 a.m."
HC03_EST_VC97,"Car, truck, or van -- carpooled; Estimate; TIME ARRIVING AT WORK FROM HOME - 6:30 a.m. to 6:59 a.m."
HC03_MOE_VC97,"Car, truck, or van -- carpooled; Margin of Error; TIME ARRIVING AT WORK FROM HOME - 6:30 a.m. to 6:59 a.m."
HC04_EST_VC97,Public transportation (excluding taxicab); Estimate; TIME ARRIVING AT WORK FROM HOME - 6:30 a.m. to 6:59 a.m.
HC04_MOE_VC97,Public transportation (excluding taxicab); Margin of Error; TIME ARRIVING AT WORK FROM HOME - 6:30 a.m. to 6:59 a.m.
HC01_EST_VC98,Total; Estimate; TIME ARRIVING AT WORK FROM HOME - 7:00 a.m. to 7:29 a.m.
HC01_MOE_VC98,Total; Margin of Error; TIME ARRIVING AT WORK FROM HOME - 7:00 a.m. to 7:29 a.m.
HC02_EST_VC98,"Car, truck, or van -- drove alone; Estimate; TIME ARRIVING AT WORK FROM HOME - 7:00 a.m. to 7:29 a.m."
HC02_MOE_VC98,"Car, truck, or van -- drove alone; Margin of Error; TIME ARRIVING AT WORK FROM HOME - 7:00 a.m. to 7:29 a.m."
HC03_EST_VC98,"Car, truck, or van -- carpooled; Estimate; TIME ARRIVING AT WORK FROM HOME - 7:00 a.m. to 7:29 a.m."
HC03_MOE_VC98,"Car, truck, or van -- carpooled; Margin of Error; TIME ARRIVING AT WORK FROM HOME - 7:00 a.m. to 7:29 a.m."
HC04_EST_VC98,Public transportation (excluding taxicab); Estimate; TIME ARRIVING AT WORK FROM HOME - 7:00 a.m. to 7:29 a.m.
HC04_MOE_VC98,Public transportation (excluding taxicab); Margin of Error; TIME ARRIVING AT WORK FROM HOME - 7:00 a.m. to 7:29 a.m.
HC01_EST_VC99,Total; Estimate; TIME ARRIVING AT WORK FROM HOME - 7:30 a.m. to 7:59 a.m.
HC01_MOE_VC99,Total; Margin of Error; TIME ARRIVING AT WORK FROM HOME - 7:30 a.m. to 7:59 a.m.
HC02_EST_VC99,"Car, truck, or van -- drove alone; Estimate; TIME ARRIVING AT WORK FROM HOME - 7:30 a.m. to 7:59 a.m."
HC02_MOE_VC99,"Car, truck, or van -- drove alone; Margin of Error; TIME ARRIVING AT WORK FROM HOME - 7:30 a.m. to 7:59 a.m."
HC03_EST_VC99,"Car, truck, or van -- carpooled; Estimate; TIME ARRIVING AT WORK FROM HOME - 7:30 a.m. to 7:59 a.m."
HC03_MOE_VC99,"Car, truck, or van -- carpooled; Margin of Error; TIME ARRIVING AT WORK FROM HOME - 7:30 a.m. to 7:59 a.m."
HC04_EST_VC99,Public transportation (excluding taxicab); Estimate; TIME ARRIVING AT WORK FROM HOME - 7:30 a.m. to 7:59 a.m.
HC04_MOE_VC99,Public transportation (excluding taxicab); Margin of Error; TIME ARRIVING AT WORK FROM HOME - 7:30 a.m. to 7:59 a.m.
HC01_EST_VC100,Total; Estimate; TIME ARRIVING AT WORK FROM HOME - 8:00 a.m. to 8:29 a.m.
HC01_MOE_VC100,Total; Margin of Error; TIME ARRIVING AT WORK FROM HOME - 8:00 a.m. to 8:29 a.m.
HC02_EST_VC100,"Car, truck, or van -- drove alone; Estimate; TIME ARRIVING AT WORK FROM HOME - 8:00 a.m. to 8:29 a.m."
HC02_MOE_VC100,"Car, truck, or van -- drove alone; Margin of Error; TIME ARRIVING AT WORK FROM HOME - 8:00 a.m. to 8:29 a.m."
HC03_EST_VC100,"Car, truck, or van -- carpooled; Estimate; TIME ARRIVING AT WORK FROM HOME - 8:00 a.m. to 8:29 a.m."
HC03_MOE_VC100,"Car, truck, or van -- carpooled; Margin of Error; TIME ARRIVING AT WORK FROM HOME - 8:00 a.m. to 8:29 a.m."
HC04_EST_VC100,Public transportation (excluding taxicab); Estimate; TIME ARRIVING AT WORK FROM HOME - 8:00 a.m. to 8:29 a.m.
HC04_MOE_VC100,Public transportation (excluding taxicab); Margin of Error; TIME ARRIVING AT WORK FROM HOME - 8:00 a.m. to 8:29 a.m.
HC01_EST_VC101,Total; Estimate; TIME ARRIVING AT WORK FROM HOME - 8:30 a.m. to 8:59 a.m.
HC01_MOE_VC101,Total; Margin of Error; TIME ARRIVING AT WORK FROM HOME - 8:30 a.m. to 8:59 a.m.
HC02_EST_VC101,"Car, truck, or van -- drove alone; Estimate; TIME ARRIVING AT WORK FROM HOME - 8:30 a.m. to 8:59 a.m."
HC02_MOE_VC101,"Car, truck, or van -- drove alone; Margin of Error; TIME ARRIVING AT WORK FROM HOME - 8:30 a.m. to 8:59 a.m."
HC03_EST_VC101,"Car, truck, or van -- carpooled; Estimate; TIME ARRIVING AT WORK FROM HOME - 8:30 a.m. to 8:59 a.m."
HC03_MOE_VC101,"Car, truck, or van -- carpooled; Margin of Error; TIME ARRIVING AT WORK FROM HOME - 8:30 a.m. to 8:59 a.m."
HC04_EST_VC101,Public transportation (excluding taxicab); Estimate; TIME ARRIVING AT WORK FROM HOME - 8:30 a.m. to 8:59 a.m.
HC04_MOE_VC101,Public transportation (excluding taxicab); Margin of Error; TIME ARRIVING AT WORK FROM HOME - 8:30 a.m. to 8:59 a.m.
HC01_EST_VC102,Total; Estimate; TIME ARRIVING AT WORK FROM HOME - 9:00 a.m. to 11:59 p.m.
HC01_MOE_VC102,Total; Margin of Error; TIME ARRIVING AT WORK FROM HOME - 9:00 a.m. to 11:59 p.m.
HC02_EST_VC102,"Car, truck, or van -- drove alone; Estimate; TIME ARRIVING AT WORK FROM HOME - 9:00 a.m. to 11:59 p.m."
HC02_MOE_VC102,"Car, truck, or van -- drove alone; Margin of Error; TIME ARRIVING AT WORK FROM HOME - 9:00 a.m. to 11:59 p.m."
HC03_EST_VC102,"Car, truck, or van -- carpooled; Estimate; TIME ARRIVING AT WORK FROM HOME - 9:00 a.m. to 11:59 p.m."
HC03_MOE_VC102,"Car, truck, or van -- carpooled; Margin of Error; TIME ARRIVING AT WORK FROM HOME - 9:00 a.m. to 11:59 p.m."
HC04_EST_VC102,Public transportation (excluding taxicab); Estimate; TIME ARRIVING AT WORK FROM HOME - 9:00 a.m. to 11:59 p.m.
HC04_MOE_VC102,Public transportation (excluding taxicab); Margin of Error; TIME ARRIVING AT WORK FROM HOME - 9:00 a.m. to 11:59 p.m.
HC01_EST_VC105,Total; Estimate; TRAVEL TIME TO WORK - Less than 10 minutes
HC01_MOE_VC105,Total; Margin of Error; TRAVEL TIME TO WORK - Less than 10 minutes
HC02_EST_VC105,"Car, truck, or van -- drove alone; Estimate; TRAVEL TIME TO WORK - Less than 10 minutes"
HC02_MOE_VC105,"Car, truck, or van -- drove alone; Margin of Error; TRAVEL TIME TO WORK - Less than 10 minutes"
HC03_EST_VC105,"Car, truck, or van -- carpooled; Estimate; TRAVEL TIME TO WORK - Less than 10 minutes"
HC03_MOE_VC105,"Car, truck, or van -- carpooled; Margin of Error; TRAVEL TIME TO WORK - Less than 10 minutes"
HC04_EST_VC105,Public transportation (excluding taxicab); Estimate; TRAVEL TIME TO WORK - Less than 10 minutes
HC04_MOE_VC105,Public transportation (excluding taxicab); Margin of Error; TRAVEL TIME TO WORK - Less than 10 minutes
HC01_EST_VC106,Total; Estimate; TRAVEL TIME TO WORK - 10 to 14 minutes
HC01_MOE_VC106,Total; Margin of Error; TRAVEL TIME TO WORK - 10 to 14 minutes
HC02_EST_VC106,"Car, truck, or van -- drove alone; Estimate; TRAVEL TIME TO WORK - 10 to 14 minutes"
HC02_MOE_VC106,"Car, truck, or van -- drove alone; Margin of Error; TRAVEL TIME TO WORK - 10 to 14 minutes"
HC03_EST_VC106,"Car, truck, or van -- carpooled; Estimate; TRAVEL TIME TO WORK - 10 to 14 minutes"
HC03_MOE_VC106,"Car, truck, or van -- carpooled; Margin of Error; TRAVEL TIME TO WORK - 10 to 14 minutes"
HC04_EST_VC106,Public transportation (excluding taxicab); Estimate; TRAVEL TIME TO WORK - 10 to 14 minutes
HC04_MOE_VC106,Public transportation (excluding taxicab); Margin of Error; TRAVEL TIME TO WORK - 10 to 14 minutes
HC01_EST_VC107,Total; Estimate; TRAVEL TIME TO WORK - 15 to 19 minutes
HC01_MOE_VC107,Total; Margin of Error; TRAVEL TIME TO WORK - 15 to 19 minutes
HC02_EST_VC107,"Car, truck, or van -- drove alone; Estimate; TRAVEL TIME TO WORK - 15 to 19 minutes"
HC02_MOE_VC107,"Car, truck, or van -- drove alone; Margin of Error; TRAVEL TIME TO WORK - 15 to 19 minutes"
HC03_EST_VC107,"Car, truck, or van -- carpooled; Estimate; TRAVEL TIME TO WORK - 15 to 19 minutes"
HC03_MOE_VC107,"Car, truck, or van -- carpooled; Margin of Error; TRAVEL TIME TO WORK - 15 to 19 minutes"
HC04_EST_VC107,Public transportation (excluding taxicab); Estimate; TRAVEL TIME TO WORK - 15 to 19 minutes
HC04_MOE_VC107,Public transportation (excluding taxicab); Margin of Error; TRAVEL TIME TO WORK - 15 to 19 minutes
HC01_EST_VC108,Total; Estimate; TRAVEL TIME TO WORK - 20 to 24 minutes
HC01_MOE_VC108,Total; Margin of Error; TRAVEL TIME TO WORK - 20 to 24 minutes
HC02_EST_VC108,"Car, truck, or van -- drove alone; Estimate; TRAVEL TIME TO WORK - 20 to 24 minutes"
HC02_MOE_VC108,"Car, truck, or van -- drove alone; Margin of Error; TRAVEL TIME TO WORK - 20 to 24 minutes"
HC03_EST_VC108,"Car, truck, or van -- carpooled; Estimate; TRAVEL TIME TO WORK - 20 to 24 minutes"
HC03_MOE_VC108,"Car, truck, or van -- carpooled; Margin of Error; TRAVEL TIME TO WORK - 20 to 24 minutes"
HC04_EST_VC108,Public transportation (excluding taxicab); Estimate; TRAVEL TIME TO WORK - 20 to 24 minutes
HC04_MOE_VC108,Public transportation (excluding taxicab); Margin of Error; TRAVEL TIME TO WORK - 20 to 24 minutes
HC01_EST_VC109,Total; Estimate; TRAVEL TIME TO WORK - 25 to 29 minutes
HC01_MOE_VC109,Total; Margin of Error; TRAVEL TIME TO WORK - 25 to 29 minutes
HC02_EST_VC109,"Car, truck, or van -- drove alone; Estimate; TRAVEL TIME TO WORK - 25 to 29 minutes"
HC02_MOE_VC109,"Car, truck, or van -- drove alone; Margin of Error; TRAVEL TIME TO WORK - 25 to 29 minutes"
HC03_EST_VC109,"Car, truck, or van -- carpooled; Estimate; TRAVEL TIME TO WORK - 25 to 29 minutes"
HC03_MOE_VC109,"Car, truck, or van -- carpooled; Margin of Error; TRAVEL TIME TO WORK - 25 to 29 minutes"
HC04_EST_VC109,Public transportation (excluding taxicab); Estimate; TRAVEL TIME TO WORK - 25 to 29 minutes
HC04_MOE_VC109,Public transportation (excluding taxicab); Margin of Error; TRAVEL TIME TO WORK - 25 to 29 minutes
HC01_EST_VC110,Total; Estimate; TRAVEL TIME TO WORK - 30 to 34 minutes
HC01_MOE_VC110,Total; Margin of Error; TRAVEL TIME TO WORK - 30 to 34 minutes
HC02_EST_VC110,"Car, truck, or van -- drove alone; Estimate; TRAVEL TIME TO WORK - 30 to 34 minutes"
HC02_MOE_VC110,"Car, truck, or van -- drove alone; Margin of Error; TRAVEL TIME TO WORK - 30 to 34 minutes"
HC03_EST_VC110,"Car, truck, or van -- carpooled; Estimate; TRAVEL TIME TO WORK - 30 to 34 minutes"
HC03_MOE_VC110,"Car, truck, or van -- carpooled; Margin of Error; TRAVEL TIME TO WORK - 30 to 34 minutes"
HC04_EST_VC110,Public transportation (excluding taxicab); Estimate; TRAVEL TIME TO WORK - 30 to 34 minutes
HC04_MOE_VC110,Public transportation (excluding taxicab); Margin of Error; TRAVEL TIME TO WORK - 30 to 34 minutes
HC01_EST_VC111,Total; Estimate; TRAVEL TIME TO WORK - 35 to 44 minutes
HC01_MOE_VC111,Total; Margin of Error; TRAVEL TIME TO WORK - 35 to 44 minutes
HC02_EST_VC111,"Car, truck, or van -- drove alone; Estimate; TRAVEL TIME TO WORK - 35 to 44 minutes"
HC02_MOE_VC111,"Car, truck, or van -- drove alone; Margin of Error; TRAVEL TIME TO WORK - 35 to 44 minutes"
HC03_EST_VC111,"Car, truck, or van -- carpooled; Estimate; TRAVEL TIME TO WORK - 35 to 44 minutes"
HC03_MOE_VC111,"Car, truck, or van -- carpooled; Margin of Error; TRAVEL TIME TO WORK - 35 to 44 minutes"
HC04_EST_VC111,Public transportation (excluding taxicab); Estimate; TRAVEL TIME TO WORK - 35 to 44 minutes
HC04_MOE_VC111,Public transportation (excluding taxicab); Margin of Error; TRAVEL TIME TO WORK - 35 to 44 minutes
HC01_EST_VC112,Total; Estimate; TRAVEL TIME TO WORK - 45 to 59 minutes
HC01_MOE_VC112,Total; Margin of Error; TRAVEL TIME TO WORK - 45 to 59 minutes
HC02_EST_VC112,"Car, truck, or van -- drove alone; Estimate; TRAVEL TIME TO WORK - 45 to 59 minutes"
HC02_MOE_VC112,"Car, truck, or van -- drove alone; Margin of Error; TRAVEL TIME TO WORK - 45 to 59 minutes"
HC03_EST_VC112,"Car, truck, or van -- carpooled; Estimate; TRAVEL TIME TO WORK - 45 to 59 minutes"
HC03_MOE_VC112,"Car, truck, or van -- carpooled; Margin of Error; TRAVEL TIME TO WORK - 45 to 59 minutes"
HC04_EST_VC112,Public transportation (excluding taxicab); Estimate; TRAVEL TIME TO WORK - 45 to 59 minutes
HC04_MOE_VC112,Public transportation (excluding taxicab); Margin of Error; TRAVEL TIME TO WORK - 45 to 59 minutes
HC01_EST_VC113,Total; Estimate; TRAVEL TIME TO WORK - 60 or more minutes
HC01_MOE_VC113,Total; Margin of Error; TRAVEL TIME TO WORK - 60 or more minutes
HC02_EST_VC113,"Car, truck, or van -- drove alone; Estimate; TRAVEL TIME TO WORK - 60 or more minutes"
HC02_MOE_VC113,"Car, truck, or van -- drove alone; Margin of Error; TRAVEL TIME TO WORK - 60 or more minutes"
HC03_EST_VC113,"Car, truck, or van -- carpooled; Estimate; TRAVEL TIME TO WORK - 60 or more minutes"
HC03_MOE_VC113,"Car, truck, or van -- carpooled; Margin of Error; TRAVEL TIME TO WORK - 60 or more minutes"
HC04_EST_VC113,Public transportation (excluding taxicab); Estimate; TRAVEL TIME TO WORK - 60 or more minutes
HC04_MOE_VC113,Public transportation (excluding taxicab); Margin of Error; TRAVEL TIME TO WORK - 60 or more minutes
HC01_EST_VC114,Total; Estimate; TRAVEL TIME TO WORK - Mean travel time to work (minutes)
HC01_MOE_VC114,Total; Margin of Error; TRAVEL TIME TO WORK - Mean travel time to work (minutes)
HC02_EST_VC114,"Car, truck, or van -- drove alone; Estimate; TRAVEL TIME TO WORK - Mean travel time to work (minutes)"
HC02_MOE_VC114,"Car, truck, or van -- drove alone; Margin of Error; TRAVEL TIME TO WORK - Mean travel time to work (minutes)"
HC03_EST_VC114,"Car, truck, or van -- carpooled; Estimate; TRAVEL TIME TO WORK - Mean travel time to work (minutes)"
HC03_MOE_VC114,"Car, truck, or van -- carpooled; Margin of Error; TRAVEL TIME TO WORK - Mean travel time to work (minutes)"
HC04_EST_VC114,Public transportation (excluding taxicab); Estimate; TRAVEL TIME TO WORK - Mean travel time to work (minutes)
HC04_MOE_VC114,Public transportation (excluding taxicab); Margin of Error; TRAVEL TIME TO WORK - Mean travel time to work (minutes)
HC01_EST_VC116,Total; Estimate; Workers 16 years and over in households
HC01_MOE_VC116,Total; Margin of Error; Workers 16 years and over in households
HC02_EST_VC116,"Car, truck, or van -- drove alone; Estimate; Workers 16 years and over in households"
HC02_MOE_VC116,"Car, truck, or van -- drove alone; Margin of Error; Workers 16 years and over in households"
HC03_EST_VC116,"Car, truck, or van -- carpooled; Estimate; Workers 16 years and over in households"
HC03_MOE_VC116,"Car, truck, or van -- carpooled; Margin of Error; Workers 16 years and over in households"
HC04_EST_VC116,Public transportation (excluding taxicab); Estimate; Workers 16 years and over in households
HC04_MOE_VC116,Public transportation (excluding taxicab); Margin of Error; Workers 16 years and over in households
HC01_EST_VC118,Total; Estimate; HOUSING TENURE - Owner-occupied housing units
HC01_MOE_VC118,Total; Margin of Error; HOUSING TENURE - Owner-occupied housing units
HC02_EST_VC118,"Car, truck, or van -- drove alone; Estimate; HOUSING TENURE - Owner-occupied housing units"
HC02_MOE_VC118,"Car, truck, or van -- drove alone; Margin of Error; HOUSING TENURE - Owner-occupied housing units"
HC03_EST_VC118,"Car, truck, or van -- carpooled; Estimate; HOUSING TENURE - Owner-occupied housing units"
HC03_MOE_VC118,"Car, truck, or van -- carpooled; Margin of Error; HOUSING TENURE - Owner-occupied housing units"
HC04_EST_VC118,Public transportation (excluding taxicab); Estimate; HOUSING TENURE - Owner-occupied housing units
HC04_MOE_VC118,Public transportation (excluding taxicab); Margin of Error; HOUSING TENURE - Owner-occupied housing units
HC01_EST_VC119,Total; Estimate; HOUSING TENURE - Renter-occupied housing units
HC01_MOE_VC119,Total; Margin of Error; HOUSING TENURE - Renter-occupied housing units
HC02_EST_VC119,"Car, truck, or van -- drove alone; Estimate; HOUSING TENURE - Renter-occupied housing units"
HC02_MOE_VC119,"Car, truck, or van -- drove alone; Margin of Error; HOUSING TENURE - Renter-occupied housing units"
HC03_EST_VC119,"Car, truck, or van -- carpooled; Estimate; HOUSING TENURE - Renter-occupied housing units"
HC03_MOE_VC119,"Car, truck, or van -- carpooled; Margin of Error; HOUSING TENURE - Renter-occupied housing units"
HC04_EST_VC119,Public transportation (excluding taxicab); Estimate; HOUSING TENURE - Renter-occupied housing units
HC04_MOE_VC119,Public transportation (excluding taxicab); Margin of Error; HOUSING TENURE - Renter-occupied housing units
HC01_EST_VC122,Total; Estimate; VEHICLES AVAILABLE - No vehicle available
HC01_MOE_VC122,Total; Margin of Error; VEHICLES AVAILABLE - No vehicle available
HC02_EST_VC122,"Car, truck, or van -- drove alone; Estimate; VEHICLES AVAILABLE - No vehicle available"
HC02_MOE_VC122,"Car, truck, or van -- drove alone; Margin of Error; VEHICLES AVAILABLE - No vehicle available"
HC03_EST_VC122,"Car, truck, or van -- carpooled; Estimate; VEHICLES AVAILABLE - No vehicle available"
HC03_MOE_VC122,"Car, truck, or van -- carpooled; Margin of Error; VEHICLES AVAILABLE - No vehicle available"
HC04_EST_VC122,Public transportation (excluding taxicab); Estimate; VEHICLES AVAILABLE - No vehicle available
HC04_MOE_VC122,Public transportation (excluding taxicab); Margin of Error; VEHICLES AVAILABLE - No vehicle available
HC01_EST_VC123,Total; Estimate; VEHICLES AVAILABLE - 1 vehicle available
HC01_MOE_VC123,Total; Margin of Error; VEHICLES AVAILABLE - 1 vehicle available
HC02_EST_VC123,"Car, truck, or van -- drove alone; Estimate; VEHICLES AVAILABLE - 1 vehicle available"
HC02_MOE_VC123,"Car, truck, or van -- drove alone; Margin of Error; VEHICLES AVAILABLE - 1 vehicle available"
HC03_EST_VC123,"Car, truck, or van -- carpooled; Estimate; VEHICLES AVAILABLE - 1 vehicle available"
HC03_MOE_VC123,"Car, truck, or van -- carpooled; Margin of Error; VEHICLES AVAILABLE - 1 vehicle available"
HC04_EST_VC123,Public transportation (excluding taxicab); Estimate; VEHICLES AVAILABLE - 1 vehicle available
HC04_MOE_VC123,Public transportation (excluding taxicab); Margin of Error; VEHICLES AVAILABLE - 1 vehicle available
HC01_EST_VC124,Total; Estimate; VEHICLES AVAILABLE - 2 vehicles available
HC01_MOE_VC124,Total; Margin of Error; VEHICLES AVAILABLE - 2 vehicles available
HC02_EST_VC124,"Car, truck, or van -- drove alone; Estimate; VEHICLES AVAILABLE - 2 vehicles available"
HC02_MOE_VC124,"Car, truck, or van -- drove alone; Margin of Error; VEHICLES AVAILABLE - 2 vehicles available"
HC03_EST_VC124,"Car, truck, or van -- carpooled; Estimate; VEHICLES AVAILABLE - 2 vehicles available"
HC03_MOE_VC124,"Car, truck, or van -- carpooled; Margin of Error; VEHICLES AVAILABLE - 2 vehicles available"
HC04_EST_VC124,Public transportation (excluding taxicab); Estimate; VEHICLES AVAILABLE - 2 vehicles available
HC04_MOE_VC124,Public transportation (excluding taxicab); Margin of Error; VEHICLES AVAILABLE - 2 vehicles available
HC01_EST_VC125,Total; Estimate; VEHICLES AVAILABLE - 3 or more vehicles available
HC01_MOE_VC125,Total; Margin of Error; VEHICLES AVAILABLE - 3 or more vehicles available
HC02_EST_VC125,"Car, truck, or van -- drove alone; Estimate; VEHICLES AVAILABLE - 3 or more vehicles available"
HC02_MOE_VC125,"Car, truck, or van -- drove alone; Margin of Error; VEHICLES AVAILABLE - 3 or more vehicles available"
HC03_EST_VC125,"Car, truck, or van -- carpooled; Estimate; VEHICLES AVAILABLE - 3 or more vehicles available"
HC03_MOE_VC125,"Car, truck, or van -- carpooled; Margin of Error; VEHICLES AVAILABLE - 3 or more vehicles available"
HC04_EST_VC125,Public transportation (excluding taxicab); Estimate; VEHICLES AVAILABLE - 3 or more vehicles available
HC04_MOE_VC125,Public transportation (excluding taxicab); Margin of Error; VEHICLES AVAILABLE - 3 or more vehicles available
HC01_EST_VC128,Total; Estimate; PERCENT IMPUTED - Means of transportation to work
HC01_MOE_VC128,Total; Margin of Error; PERCENT IMPUTED - Means of transportation to work
HC02_EST_VC128,"Car, truck, or van -- drove alone; Estimate; PERCENT IMPUTED - Means of transportation to work"
HC02_MOE_VC128,"Car, truck, or van -- drove alone; Margin of Error; PERCENT IMPUTED - Means of transportation to work"
HC03_EST_VC128,"Car, truck, or van -- carpooled; Estimate; PERCENT IMPUTED - Means of transportation to work"
HC03_MOE_VC128,"Car, truck, or van -- carpooled; Margin of Error; PERCENT IMPUTED - Means of transportation to work"
HC04_EST_VC128,Public transportation (excluding taxicab); Estimate; PERCENT IMPUTED - Means of transportation to work
HC04_MOE_VC128,Public transportation (excluding taxicab); Margin of Error; PERCENT IMPUTED - Means of transportation to work
HC01_EST_VC129,Total; Estimate; PERCENT IMPUTED - Time arriving at work from home
HC01_MOE_VC129,Total; Margin of Error; PERCENT IMPUTED - Time arriving at work from home
HC02_EST_VC129,"Car, truck, or van -- drove alone; Estimate; PERCENT IMPUTED - Time arriving at work from home"
HC02_MOE_VC129,"Car, truck, or van -- drove alone; Margin of Error; PERCENT IMPUTED - Time arriving at work from home"
HC03_EST_VC129,"Car, truck, or van -- carpooled; Estimate; PERCENT IMPUTED - Time arriving at work from home"
HC03_MOE_VC129,"Car, truck, or van -- carpooled; Margin of Error; PERCENT IMPUTED - Time arriving at work from home"
HC04_EST_VC129,Public transportation (excluding taxicab); Estimate; PERCENT IMPUTED - Time arriving at work from home
HC04_MOE_VC129,Public transportation (excluding taxicab); Margin of Error; PERCENT IMPUTED - Time arriving at work from home
HC01_EST_VC130,Total; Estimate; PERCENT IMPUTED - Travel time to work
HC01_MOE_VC130,Total; Margin of Error; PERCENT IMPUTED - Travel time to work
HC02_EST_VC130,"Car, truck, or van -- drove alone; Estimate; PERCENT IMPUTED - Travel time to work"
HC02_MOE_VC130,"Car, truck, or van -- drove alone; Margin of Error; PERCENT IMPUTED - Travel time to work"
HC03_EST_VC130,"Car, truck, or van -- carpooled; Estimate; PERCENT IMPUTED - Travel time to work"
HC03_MOE_VC130,"Car, truck, or van -- carpooled; Margin of Error; PERCENT IMPUTED - Travel time to work"
HC04_EST_VC130,Public transportation (excluding taxicab); Estimate; PERCENT IMPUTED - Travel time to work
HC04_MOE_VC130,Public transportation (excluding taxicab); Margin of Error; PERCENT IMPUTED - Travel time to work
HC01_EST_VC131,Total; Estimate; PERCENT IMPUTED - Vehicles available
HC01_MOE_VC131,Total; Margin of Error; PERCENT IMPUTED - Vehicles available
HC02_EST_VC131,"Car, truck, or van -- drove alone; Estimate; PERCENT IMPUTED - Vehicles available"
HC02_MOE_VC131,"Car, truck, or van -- drove alone; Margin of Error; PERCENT IMPUTED - Vehicles available"
HC03_EST_VC131,"Car, truck, or van -- carpooled; Estimate; PERCENT IMPUTED - Vehicles available"
HC03_MOE_VC131,"Car, truck, or van -- carpooled; Margin of Error; PERCENT IMPUTED - Vehicles available"
HC04_EST_VC131,Public transportation (excluding taxicab); Estimate; PERCENT IMPUTED - Vehicles available
HC04_MOE_VC131,Public transportation (excluding taxicab); Margin of Error; PERCENT IMPUTED - Vehicles available
