GEO.id,Id
GEO.id2,Id2
GEO.display-label,Geography
HC01_EST_VC01,Total; Estimate; Population 1 year and over
HC01_MOE_VC01,Total; Margin of Error; Population 1 year and over
HC02_EST_VC01,Moved; within same county; Estimate; Population 1 year and over
HC02_MOE_VC01,Moved; within same county; Margin of Error; Population 1 year and over
HC03_EST_VC01,"Moved; from different county, same state; Estimate; Population 1 year and over"
HC03_MOE_VC01,"Moved; from different county, same state; Margin of Error; Population 1 year and over"
HC04_EST_VC01,Moved; from different state; Estimate; Population 1 year and over
HC04_MOE_VC01,Moved; from different state; Margin of Error; Population 1 year and over
HC05_EST_VC01,Moved; from abroad; Estimate; Population 1 year and over
HC05_MOE_VC01,Moved; from abroad; Margin of Error; Population 1 year and over
HC01_EST_VC03,Total; Estimate; Population 1 year and over - AGE - 1 to 4 years
HC01_MOE_VC03,Total; Margin of Error; Population 1 year and over - AGE - 1 to 4 years
HC02_EST_VC03,Moved; within same county; Estimate; Population 1 year and over - AGE - 1 to 4 years
HC02_MOE_VC03,Moved; within same county; Margin of Error; Population 1 year and over - AGE - 1 to 4 years
HC03_EST_VC03,"Moved; from different county, same state; Estimate; Population 1 year and over - AGE - 1 to 4 years"
HC03_MOE_VC03,"Moved; from different county, same state; Margin of Error; Population 1 year and over - AGE - 1 to 4 years"
HC04_EST_VC03,Moved; from different state; Estimate; Population 1 year and over - AGE - 1 to 4 years
HC04_MOE_VC03,Moved; from different state; Margin of Error; Population 1 year and over - AGE - 1 to 4 years
HC05_EST_VC03,Moved; from abroad; Estimate; Population 1 year and over - AGE - 1 to 4 years
HC05_MOE_VC03,Moved; from abroad; Margin of Error; Population 1 year and over - AGE - 1 to 4 years
HC01_EST_VC04,Total; Estimate; Population 1 year and over - AGE - 5 to 17 years
HC01_MOE_VC04,Total; Margin of Error; Population 1 year and over - AGE - 5 to 17 years
HC02_EST_VC04,Moved; within same county; Estimate; Population 1 year and over - AGE - 5 to 17 years
HC02_MOE_VC04,Moved; within same county; Margin of Error; Population 1 year and over - AGE - 5 to 17 years
HC03_EST_VC04,"Moved; from different county, same state; Estimate; Population 1 year and over - AGE - 5 to 17 years"
HC03_MOE_VC04,"Moved; from different county, same state; Margin of Error; Population 1 year and over - AGE - 5 to 17 years"
HC04_EST_VC04,Moved; from different state; Estimate; Population 1 year and over - AGE - 5 to 17 years
HC04_MOE_VC04,Moved; from different state; Margin of Error; Population 1 year and over - AGE - 5 to 17 years
HC05_EST_VC04,Moved; from abroad; Estimate; Population 1 year and over - AGE - 5 to 17 years
HC05_MOE_VC04,Moved; from abroad; Margin of Error; Population 1 year and over - AGE - 5 to 17 years
HC01_EST_VC05,Total; Estimate; Population 1 year and over - AGE - 18 to 24 years
HC01_MOE_VC05,Total; Margin of Error; Population 1 year and over - AGE - 18 to 24 years
HC02_EST_VC05,Moved; within same county; Estimate; Population 1 year and over - AGE - 18 to 24 years
HC02_MOE_VC05,Moved; within same county; Margin of Error; Population 1 year and over - AGE - 18 to 24 years
HC03_EST_VC05,"Moved; from different county, same state; Estimate; Population 1 year and over - AGE - 18 to 24 years"
HC03_MOE_VC05,"Moved; from different county, same state; Margin of Error; Population 1 year and over - AGE - 18 to 24 years"
HC04_EST_VC05,Moved; from different state; Estimate; Population 1 year and over - AGE - 18 to 24 years
HC04_MOE_VC05,Moved; from different state; Margin of Error; Population 1 year and over - AGE - 18 to 24 years
HC05_EST_VC05,Moved; from abroad; Estimate; Population 1 year and over - AGE - 18 to 24 years
HC05_MOE_VC05,Moved; from abroad; Margin of Error; Population 1 year and over - AGE - 18 to 24 years
HC01_EST_VC06,Total; Estimate; Population 1 year and over - AGE - 25 to 34 years
HC01_MOE_VC06,Total; Margin of Error; Population 1 year and over - AGE - 25 to 34 years
HC02_EST_VC06,Moved; within same county; Estimate; Population 1 year and over - AGE - 25 to 34 years
HC02_MOE_VC06,Moved; within same county; Margin of Error; Population 1 year and over - AGE - 25 to 34 years
HC03_EST_VC06,"Moved; from different county, same state; Estimate; Population 1 year and over - AGE - 25 to 34 years"
HC03_MOE_VC06,"Moved; from different county, same state; Margin of Error; Population 1 year and over - AGE - 25 to 34 years"
HC04_EST_VC06,Moved; from different state; Estimate; Population 1 year and over - AGE - 25 to 34 years
HC04_MOE_VC06,Moved; from different state; Margin of Error; Population 1 year and over - AGE - 25 to 34 years
HC05_EST_VC06,Moved; from abroad; Estimate; Population 1 year and over - AGE - 25 to 34 years
HC05_MOE_VC06,Moved; from abroad; Margin of Error; Population 1 year and over - AGE - 25 to 34 years
HC01_EST_VC07,Total; Estimate; Population 1 year and over - AGE - 35 to 44 years
HC01_MOE_VC07,Total; Margin of Error; Population 1 year and over - AGE - 35 to 44 years
HC02_EST_VC07,Moved; within same county; Estimate; Population 1 year and over - AGE - 35 to 44 years
HC02_MOE_VC07,Moved; within same county; Margin of Error; Population 1 year and over - AGE - 35 to 44 years
HC03_EST_VC07,"Moved; from different county, same state; Estimate; Population 1 year and over - AGE - 35 to 44 years"
HC03_MOE_VC07,"Moved; from different county, same state; Margin of Error; Population 1 year and over - AGE - 35 to 44 years"
HC04_EST_VC07,Moved; from different state; Estimate; Population 1 year and over - AGE - 35 to 44 years
HC04_MOE_VC07,Moved; from different state; Margin of Error; Population 1 year and over - AGE - 35 to 44 years
HC05_EST_VC07,Moved; from abroad; Estimate; Population 1 year and over - AGE - 35 to 44 years
HC05_MOE_VC07,Moved; from abroad; Margin of Error; Population 1 year and over - AGE - 35 to 44 years
HC01_EST_VC08,Total; Estimate; Population 1 year and over - AGE - 45 to 54 years
HC01_MOE_VC08,Total; Margin of Error; Population 1 year and over - AGE - 45 to 54 years
HC02_EST_VC08,Moved; within same county; Estimate; Population 1 year and over - AGE - 45 to 54 years
HC02_MOE_VC08,Moved; within same county; Margin of Error; Population 1 year and over - AGE - 45 to 54 years
HC03_EST_VC08,"Moved; from different county, same state; Estimate; Population 1 year and over - AGE - 45 to 54 years"
HC03_MOE_VC08,"Moved; from different county, same state; Margin of Error; Population 1 year and over - AGE - 45 to 54 years"
HC04_EST_VC08,Moved; from different state; Estimate; Population 1 year and over - AGE - 45 to 54 years
HC04_MOE_VC08,Moved; from different state; Margin of Error; Population 1 year and over - AGE - 45 to 54 years
HC05_EST_VC08,Moved; from abroad; Estimate; Population 1 year and over - AGE - 45 to 54 years
HC05_MOE_VC08,Moved; from abroad; Margin of Error; Population 1 year and over - AGE - 45 to 54 years
HC01_EST_VC09,Total; Estimate; Population 1 year and over - AGE - 55 to 64 years
HC01_MOE_VC09,Total; Margin of Error; Population 1 year and over - AGE - 55 to 64 years
HC02_EST_VC09,Moved; within same county; Estimate; Population 1 year and over - AGE - 55 to 64 years
HC02_MOE_VC09,Moved; within same county; Margin of Error; Population 1 year and over - AGE - 55 to 64 years
HC03_EST_VC09,"Moved; from different county, same state; Estimate; Population 1 year and over - AGE - 55 to 64 years"
HC03_MOE_VC09,"Moved; from different county, same state; Margin of Error; Population 1 year and over - AGE - 55 to 64 years"
HC04_EST_VC09,Moved; from different state; Estimate; Population 1 year and over - AGE - 55 to 64 years
HC04_MOE_VC09,Moved; from different state; Margin of Error; Population 1 year and over - AGE - 55 to 64 years
HC05_EST_VC09,Moved; from abroad; Estimate; Population 1 year and over - AGE - 55 to 64 years
HC05_MOE_VC09,Moved; from abroad; Margin of Error; Population 1 year and over - AGE - 55 to 64 years
HC01_EST_VC10,Total; Estimate; Population 1 year and over - AGE - 65 to 74 years
HC01_MOE_VC10,Total; Margin of Error; Population 1 year and over - AGE - 65 to 74 years
HC02_EST_VC10,Moved; within same county; Estimate; Population 1 year and over - AGE - 65 to 74 years
HC02_MOE_VC10,Moved; within same county; Margin of Error; Population 1 year and over - AGE - 65 to 74 years
HC03_EST_VC10,"Moved; from different county, same state; Estimate; Population 1 year and over - AGE - 65 to 74 years"
HC03_MOE_VC10,"Moved; from different county, same state; Margin of Error; Population 1 year and over - AGE - 65 to 74 years"
HC04_EST_VC10,Moved; from different state; Estimate; Population 1 year and over - AGE - 65 to 74 years
HC04_MOE_VC10,Moved; from different state; Margin of Error; Population 1 year and over - AGE - 65 to 74 years
HC05_EST_VC10,Moved; from abroad; Estimate; Population 1 year and over - AGE - 65 to 74 years
HC05_MOE_VC10,Moved; from abroad; Margin of Error; Population 1 year and over - AGE - 65 to 74 years
HC01_EST_VC11,Total; Estimate; Population 1 year and over - AGE - 75 years and over
HC01_MOE_VC11,Total; Margin of Error; Population 1 year and over - AGE - 75 years and over
HC02_EST_VC11,Moved; within same county; Estimate; Population 1 year and over - AGE - 75 years and over
HC02_MOE_VC11,Moved; within same county; Margin of Error; Population 1 year and over - AGE - 75 years and over
HC03_EST_VC11,"Moved; from different county, same state; Estimate; Population 1 year and over - AGE - 75 years and over"
HC03_MOE_VC11,"Moved; from different county, same state; Margin of Error; Population 1 year and over - AGE - 75 years and over"
HC04_EST_VC11,Moved; from different state; Estimate; Population 1 year and over - AGE - 75 years and over
HC04_MOE_VC11,Moved; from different state; Margin of Error; Population 1 year and over - AGE - 75 years and over
HC05_EST_VC11,Moved; from abroad; Estimate; Population 1 year and over - AGE - 75 years and over
HC05_MOE_VC11,Moved; from abroad; Margin of Error; Population 1 year and over - AGE - 75 years and over
HC01_EST_VC12,Total; Estimate; Population 1 year and over - AGE - Median age (years)
HC01_MOE_VC12,Total; Margin of Error; Population 1 year and over - AGE - Median age (years)
HC02_EST_VC12,Moved; within same county; Estimate; Population 1 year and over - AGE - Median age (years)
HC02_MOE_VC12,Moved; within same county; Margin of Error; Population 1 year and over - AGE - Median age (years)
HC03_EST_VC12,"Moved; from different county, same state; Estimate; Population 1 year and over - AGE - Median age (years)"
HC03_MOE_VC12,"Moved; from different county, same state; Margin of Error; Population 1 year and over - AGE - Median age (years)"
HC04_EST_VC12,Moved; from different state; Estimate; Population 1 year and over - AGE - Median age (years)
HC04_MOE_VC12,Moved; from different state; Margin of Error; Population 1 year and over - AGE - Median age (years)
HC05_EST_VC12,Moved; from abroad; Estimate; Population 1 year and over - AGE - Median age (years)
HC05_MOE_VC12,Moved; from abroad; Margin of Error; Population 1 year and over - AGE - Median age (years)
HC01_EST_VC14,Total; Estimate; Population 1 year and over - SEX - Male
HC01_MOE_VC14,Total; Margin of Error; Population 1 year and over - SEX - Male
HC02_EST_VC14,Moved; within same county; Estimate; Population 1 year and over - SEX - Male
HC02_MOE_VC14,Moved; within same county; Margin of Error; Population 1 year and over - SEX - Male
HC03_EST_VC14,"Moved; from different county, same state; Estimate; Population 1 year and over - SEX - Male"
HC03_MOE_VC14,"Moved; from different county, same state; Margin of Error; Population 1 year and over - SEX - Male"
HC04_EST_VC14,Moved; from different state; Estimate; Population 1 year and over - SEX - Male
HC04_MOE_VC14,Moved; from different state; Margin of Error; Population 1 year and over - SEX - Male
HC05_EST_VC14,Moved; from abroad; Estimate; Population 1 year and over - SEX - Male
HC05_MOE_VC14,Moved; from abroad; Margin of Error; Population 1 year and over - SEX - Male
HC01_EST_VC15,Total; Estimate; Population 1 year and over - SEX - Female
HC01_MOE_VC15,Total; Margin of Error; Population 1 year and over - SEX - Female
HC02_EST_VC15,Moved; within same county; Estimate; Population 1 year and over - SEX - Female
HC02_MOE_VC15,Moved; within same county; Margin of Error; Population 1 year and over - SEX - Female
HC03_EST_VC15,"Moved; from different county, same state; Estimate; Population 1 year and over - SEX - Female"
HC03_MOE_VC15,"Moved; from different county, same state; Margin of Error; Population 1 year and over - SEX - Female"
HC04_EST_VC15,Moved; from different state; Estimate; Population 1 year and over - SEX - Female
HC04_MOE_VC15,Moved; from different state; Margin of Error; Population 1 year and over - SEX - Female
HC05_EST_VC15,Moved; from abroad; Estimate; Population 1 year and over - SEX - Female
HC05_MOE_VC15,Moved; from abroad; Margin of Error; Population 1 year and over - SEX - Female
HC01_EST_VC17,Total; Estimate; Population 1 year and over - RACE AND HISPANIC OR LATINO ORIGIN - One race
HC01_MOE_VC17,Total; Margin of Error; Population 1 year and over - RACE AND HISPANIC OR LATINO ORIGIN - One race
HC02_EST_VC17,Moved; within same county; Estimate; Population 1 year and over - RACE AND HISPANIC OR LATINO ORIGIN - One race
HC02_MOE_VC17,Moved; within same county; Margin of Error; Population 1 year and over - RACE AND HISPANIC OR LATINO ORIGIN - One race
HC03_EST_VC17,"Moved; from different county, same state; Estimate; Population 1 year and over - RACE AND HISPANIC OR LATINO ORIGIN - One race"
HC03_MOE_VC17,"Moved; from different county, same state; Margin of Error; Population 1 year and over - RACE AND HISPANIC OR LATINO ORIGIN - One race"
HC04_EST_VC17,Moved; from different state; Estimate; Population 1 year and over - RACE AND HISPANIC OR LATINO ORIGIN - One race
HC04_MOE_VC17,Moved; from different state; Margin of Error; Population 1 year and over - RACE AND HISPANIC OR LATINO ORIGIN - One race
HC05_EST_VC17,Moved; from abroad; Estimate; Population 1 year and over - RACE AND HISPANIC OR LATINO ORIGIN - One race
HC05_MOE_VC17,Moved; from abroad; Margin of Error; Population 1 year and over - RACE AND HISPANIC OR LATINO ORIGIN - One race
HC01_EST_VC18,Total; Estimate; Population 1 year and over - RACE AND HISPANIC OR LATINO ORIGIN - One race - White
HC01_MOE_VC18,Total; Margin of Error; Population 1 year and over - RACE AND HISPANIC OR LATINO ORIGIN - One race - White
HC02_EST_VC18,Moved; within same county; Estimate; Population 1 year and over - RACE AND HISPANIC OR LATINO ORIGIN - One race - White
HC02_MOE_VC18,Moved; within same county; Margin of Error; Population 1 year and over - RACE AND HISPANIC OR LATINO ORIGIN - One race - White
HC03_EST_VC18,"Moved; from different county, same state; Estimate; Population 1 year and over - RACE AND HISPANIC OR LATINO ORIGIN - One race - White"
HC03_MOE_VC18,"Moved; from different county, same state; Margin of Error; Population 1 year and over - RACE AND HISPANIC OR LATINO ORIGIN - One race - White"
HC04_EST_VC18,Moved; from different state; Estimate; Population 1 year and over - RACE AND HISPANIC OR LATINO ORIGIN - One race - White
HC04_MOE_VC18,Moved; from different state; Margin of Error; Population 1 year and over - RACE AND HISPANIC OR LATINO ORIGIN - One race - White
HC05_EST_VC18,Moved; from abroad; Estimate; Population 1 year and over - RACE AND HISPANIC OR LATINO ORIGIN - One race - White
HC05_MOE_VC18,Moved; from abroad; Margin of Error; Population 1 year and over - RACE AND HISPANIC OR LATINO ORIGIN - One race - White
HC01_EST_VC19,Total; Estimate; Population 1 year and over - RACE AND HISPANIC OR LATINO ORIGIN - One race - Black or African American
HC01_MOE_VC19,Total; Margin of Error; Population 1 year and over - RACE AND HISPANIC OR LATINO ORIGIN - One race - Black or African American
HC02_EST_VC19,Moved; within same county; Estimate; Population 1 year and over - RACE AND HISPANIC OR LATINO ORIGIN - One race - Black or African American
HC02_MOE_VC19,Moved; within same county; Margin of Error; Population 1 year and over - RACE AND HISPANIC OR LATINO ORIGIN - One race - Black or African American
HC03_EST_VC19,"Moved; from different county, same state; Estimate; Population 1 year and over - RACE AND HISPANIC OR LATINO ORIGIN - One race - Black or African American"
HC03_MOE_VC19,"Moved; from different county, same state; Margin of Error; Population 1 year and over - RACE AND HISPANIC OR LATINO ORIGIN - One race - Black or African American"
HC04_EST_VC19,Moved; from different state; Estimate; Population 1 year and over - RACE AND HISPANIC OR LATINO ORIGIN - One race - Black or African American
HC04_MOE_VC19,Moved; from different state; Margin of Error; Population 1 year and over - RACE AND HISPANIC OR LATINO ORIGIN - One race - Black or African American
HC05_EST_VC19,Moved; from abroad; Estimate; Population 1 year and over - RACE AND HISPANIC OR LATINO ORIGIN - One race - Black or African American
HC05_MOE_VC19,Moved; from abroad; Margin of Error; Population 1 year and over - RACE AND HISPANIC OR LATINO ORIGIN - One race - Black or African American
HC01_EST_VC20,Total; Estimate; Population 1 year and over - RACE AND HISPANIC OR LATINO ORIGIN - One race - American Indian and Alaska Native
HC01_MOE_VC20,Total; Margin of Error; Population 1 year and over - RACE AND HISPANIC OR LATINO ORIGIN - One race - American Indian and Alaska Native
HC02_EST_VC20,Moved; within same county; Estimate; Population 1 year and over - RACE AND HISPANIC OR LATINO ORIGIN - One race - American Indian and Alaska Native
HC02_MOE_VC20,Moved; within same county; Margin of Error; Population 1 year and over - RACE AND HISPANIC OR LATINO ORIGIN - One race - American Indian and Alaska Native
HC03_EST_VC20,"Moved; from different county, same state; Estimate; Population 1 year and over - RACE AND HISPANIC OR LATINO ORIGIN - One race - American Indian and Alaska Native"
HC03_MOE_VC20,"Moved; from different county, same state; Margin of Error; Population 1 year and over - RACE AND HISPANIC OR LATINO ORIGIN - One race - American Indian and Alaska Native"
HC04_EST_VC20,Moved; from different state; Estimate; Population 1 year and over - RACE AND HISPANIC OR LATINO ORIGIN - One race - American Indian and Alaska Native
HC04_MOE_VC20,Moved; from different state; Margin of Error; Population 1 year and over - RACE AND HISPANIC OR LATINO ORIGIN - One race - American Indian and Alaska Native
HC05_EST_VC20,Moved; from abroad; Estimate; Population 1 year and over - RACE AND HISPANIC OR LATINO ORIGIN - One race - American Indian and Alaska Native
HC05_MOE_VC20,Moved; from abroad; Margin of Error; Population 1 year and over - RACE AND HISPANIC OR LATINO ORIGIN - One race - American Indian and Alaska Native
HC01_EST_VC21,Total; Estimate; Population 1 year and over - RACE AND HISPANIC OR LATINO ORIGIN - One race - Asian
HC01_MOE_VC21,Total; Margin of Error; Population 1 year and over - RACE AND HISPANIC OR LATINO ORIGIN - One race - Asian
HC02_EST_VC21,Moved; within same county; Estimate; Population 1 year and over - RACE AND HISPANIC OR LATINO ORIGIN - One race - Asian
HC02_MOE_VC21,Moved; within same county; Margin of Error; Population 1 year and over - RACE AND HISPANIC OR LATINO ORIGIN - One race - Asian
HC03_EST_VC21,"Moved; from different county, same state; Estimate; Population 1 year and over - RACE AND HISPANIC OR LATINO ORIGIN - One race - Asian"
HC03_MOE_VC21,"Moved; from different county, same state; Margin of Error; Population 1 year and over - RACE AND HISPANIC OR LATINO ORIGIN - One race - Asian"
HC04_EST_VC21,Moved; from different state; Estimate; Population 1 year and over - RACE AND HISPANIC OR LATINO ORIGIN - One race - Asian
HC04_MOE_VC21,Moved; from different state; Margin of Error; Population 1 year and over - RACE AND HISPANIC OR LATINO ORIGIN - One race - Asian
HC05_EST_VC21,Moved; from abroad; Estimate; Population 1 year and over - RACE AND HISPANIC OR LATINO ORIGIN - One race - Asian
HC05_MOE_VC21,Moved; from abroad; Margin of Error; Population 1 year and over - RACE AND HISPANIC OR LATINO ORIGIN - One race - Asian
HC01_EST_VC22,Total; Estimate; Population 1 year and over - RACE AND HISPANIC OR LATINO ORIGIN - One race - Native Hawaiian and Other Pacific Islander
HC01_MOE_VC22,Total; Margin of Error; Population 1 year and over - RACE AND HISPANIC OR LATINO ORIGIN - One race - Native Hawaiian and Other Pacific Islander
HC02_EST_VC22,Moved; within same county; Estimate; Population 1 year and over - RACE AND HISPANIC OR LATINO ORIGIN - One race - Native Hawaiian and Other Pacific Islander
HC02_MOE_VC22,Moved; within same county; Margin of Error; Population 1 year and over - RACE AND HISPANIC OR LATINO ORIGIN - One race - Native Hawaiian and Other Pacific Islander
HC03_EST_VC22,"Moved; from different county, same state; Estimate; Population 1 year and over - RACE AND HISPANIC OR LATINO ORIGIN - One race - Native Hawaiian and Other Pacific Islander"
HC03_MOE_VC22,"Moved; from different county, same state; Margin of Error; Population 1 year and over - RACE AND HISPANIC OR LATINO ORIGIN - One race - Native Hawaiian and Other Pacific Islander"
HC04_EST_VC22,Moved; from different state; Estimate; Population 1 year and over - RACE AND HISPANIC OR LATINO ORIGIN - One race - Native Hawaiian and Other Pacific Islander
HC04_MOE_VC22,Moved; from different state; Margin of Error; Population 1 year and over - RACE AND HISPANIC OR LATINO ORIGIN - One race - Native Hawaiian and Other Pacific Islander
HC05_EST_VC22,Moved; from abroad; Estimate; Population 1 year and over - RACE AND HISPANIC OR LATINO ORIGIN - One race - Native Hawaiian and Other Pacific Islander
HC05_MOE_VC22,Moved; from abroad; Margin of Error; Population 1 year and over - RACE AND HISPANIC OR LATINO ORIGIN - One race - Native Hawaiian and Other Pacific Islander
HC01_EST_VC23,Total; Estimate; Population 1 year and over - RACE AND HISPANIC OR LATINO ORIGIN - One race - Some other race
HC01_MOE_VC23,Total; Margin of Error; Population 1 year and over - RACE AND HISPANIC OR LATINO ORIGIN - One race - Some other race
HC02_EST_VC23,Moved; within same county; Estimate; Population 1 year and over - RACE AND HISPANIC OR LATINO ORIGIN - One race - Some other race
HC02_MOE_VC23,Moved; within same county; Margin of Error; Population 1 year and over - RACE AND HISPANIC OR LATINO ORIGIN - One race - Some other race
HC03_EST_VC23,"Moved; from different county, same state; Estimate; Population 1 year and over - RACE AND HISPANIC OR LATINO ORIGIN - One race - Some other race"
HC03_MOE_VC23,"Moved; from different county, same state; Margin of Error; Population 1 year and over - RACE AND HISPANIC OR LATINO ORIGIN - One race - Some other race"
HC04_EST_VC23,Moved; from different state; Estimate; Population 1 year and over - RACE AND HISPANIC OR LATINO ORIGIN - One race - Some other race
HC04_MOE_VC23,Moved; from different state; Margin of Error; Population 1 year and over - RACE AND HISPANIC OR LATINO ORIGIN - One race - Some other race
HC05_EST_VC23,Moved; from abroad; Estimate; Population 1 year and over - RACE AND HISPANIC OR LATINO ORIGIN - One race - Some other race
HC05_MOE_VC23,Moved; from abroad; Margin of Error; Population 1 year and over - RACE AND HISPANIC OR LATINO ORIGIN - One race - Some other race
HC01_EST_VC24,Total; Estimate; Population 1 year and over - RACE AND HISPANIC OR LATINO ORIGIN - Two or more races
HC01_MOE_VC24,Total; Margin of Error; Population 1 year and over - RACE AND HISPANIC OR LATINO ORIGIN - Two or more races
HC02_EST_VC24,Moved; within same county; Estimate; Population 1 year and over - RACE AND HISPANIC OR LATINO ORIGIN - Two or more races
HC02_MOE_VC24,Moved; within same county; Margin of Error; Population 1 year and over - RACE AND HISPANIC OR LATINO ORIGIN - Two or more races
HC03_EST_VC24,"Moved; from different county, same state; Estimate; Population 1 year and over - RACE AND HISPANIC OR LATINO ORIGIN - Two or more races"
HC03_MOE_VC24,"Moved; from different county, same state; Margin of Error; Population 1 year and over - RACE AND HISPANIC OR LATINO ORIGIN - Two or more races"
HC04_EST_VC24,Moved; from different state; Estimate; Population 1 year and over - RACE AND HISPANIC OR LATINO ORIGIN - Two or more races
HC04_MOE_VC24,Moved; from different state; Margin of Error; Population 1 year and over - RACE AND HISPANIC OR LATINO ORIGIN - Two or more races
HC05_EST_VC24,Moved; from abroad; Estimate; Population 1 year and over - RACE AND HISPANIC OR LATINO ORIGIN - Two or more races
HC05_MOE_VC24,Moved; from abroad; Margin of Error; Population 1 year and over - RACE AND HISPANIC OR LATINO ORIGIN - Two or more races
HC01_EST_VC25,Total; Estimate; Population 1 year and over - RACE AND HISPANIC OR LATINO ORIGIN - Hispanic or Latino origin (of any race)
HC01_MOE_VC25,Total; Margin of Error; Population 1 year and over - RACE AND HISPANIC OR LATINO ORIGIN - Hispanic or Latino origin (of any race)
HC02_EST_VC25,Moved; within same county; Estimate; Population 1 year and over - RACE AND HISPANIC OR LATINO ORIGIN - Hispanic or Latino origin (of any race)
HC02_MOE_VC25,Moved; within same county; Margin of Error; Population 1 year and over - RACE AND HISPANIC OR LATINO ORIGIN - Hispanic or Latino origin (of any race)
HC03_EST_VC25,"Moved; from different county, same state; Estimate; Population 1 year and over - RACE AND HISPANIC OR LATINO ORIGIN - Hispanic or Latino origin (of any race)"
HC03_MOE_VC25,"Moved; from different county, same state; Margin of Error; Population 1 year and over - RACE AND HISPANIC OR LATINO ORIGIN - Hispanic or Latino origin (of any race)"
HC04_EST_VC25,Moved; from different state; Estimate; Population 1 year and over - RACE AND HISPANIC OR LATINO ORIGIN - Hispanic or Latino origin (of any race)
HC04_MOE_VC25,Moved; from different state; Margin of Error; Population 1 year and over - RACE AND HISPANIC OR LATINO ORIGIN - Hispanic or Latino origin (of any race)
HC05_EST_VC25,Moved; from abroad; Estimate; Population 1 year and over - RACE AND HISPANIC OR LATINO ORIGIN - Hispanic or Latino origin (of any race)
HC05_MOE_VC25,Moved; from abroad; Margin of Error; Population 1 year and over - RACE AND HISPANIC OR LATINO ORIGIN - Hispanic or Latino origin (of any race)
HC01_EST_VC26,"Total; Estimate; Population 1 year and over - RACE AND HISPANIC OR LATINO ORIGIN - White alone, not Hispanic or Latino"
HC01_MOE_VC26,"Total; Margin of Error; Population 1 year and over - RACE AND HISPANIC OR LATINO ORIGIN - White alone, not Hispanic or Latino"
HC02_EST_VC26,"Moved; within same county; Estimate; Population 1 year and over - RACE AND HISPANIC OR LATINO ORIGIN - White alone, not Hispanic or Latino"
HC02_MOE_VC26,"Moved; within same county; Margin of Error; Population 1 year and over - RACE AND HISPANIC OR LATINO ORIGIN - White alone, not Hispanic or Latino"
HC03_EST_VC26,"Moved; from different county, same state; Estimate; Population 1 year and over - RACE AND HISPANIC OR LATINO ORIGIN - White alone, not Hispanic or Latino"
HC03_MOE_VC26,"Moved; from different county, same state; Margin of Error; Population 1 year and over - RACE AND HISPANIC OR LATINO ORIGIN - White alone, not Hispanic or Latino"
HC04_EST_VC26,"Moved; from different state; Estimate; Population 1 year and over - RACE AND HISPANIC OR LATINO ORIGIN - White alone, not Hispanic or Latino"
HC04_MOE_VC26,"Moved; from different state; Margin of Error; Population 1 year and over - RACE AND HISPANIC OR LATINO ORIGIN - White alone, not Hispanic or Latino"
HC05_EST_VC26,"Moved; from abroad; Estimate; Population 1 year and over - RACE AND HISPANIC OR LATINO ORIGIN - White alone, not Hispanic or Latino"
HC05_MOE_VC26,"Moved; from abroad; Margin of Error; Population 1 year and over - RACE AND HISPANIC OR LATINO ORIGIN - White alone, not Hispanic or Latino"
HC01_EST_VC28,Total; Estimate; Population 1 year and over - CITIZENSHIP STATUS - Native
HC01_MOE_VC28,Total; Margin of Error; Population 1 year and over - CITIZENSHIP STATUS - Native
HC02_EST_VC28,Moved; within same county; Estimate; Population 1 year and over - CITIZENSHIP STATUS - Native
HC02_MOE_VC28,Moved; within same county; Margin of Error; Population 1 year and over - CITIZENSHIP STATUS - Native
HC03_EST_VC28,"Moved; from different county, same state; Estimate; Population 1 year and over - CITIZENSHIP STATUS - Native"
HC03_MOE_VC28,"Moved; from different county, same state; Margin of Error; Population 1 year and over - CITIZENSHIP STATUS - Native"
HC04_EST_VC28,Moved; from different state; Estimate; Population 1 year and over - CITIZENSHIP STATUS - Native
HC04_MOE_VC28,Moved; from different state; Margin of Error; Population 1 year and over - CITIZENSHIP STATUS - Native
HC05_EST_VC28,Moved; from abroad; Estimate; Population 1 year and over - CITIZENSHIP STATUS - Native
HC05_MOE_VC28,Moved; from abroad; Margin of Error; Population 1 year and over - CITIZENSHIP STATUS - Native
HC01_EST_VC29,Total; Estimate; Population 1 year and over - CITIZENSHIP STATUS - Foreign born
HC01_MOE_VC29,Total; Margin of Error; Population 1 year and over - CITIZENSHIP STATUS - Foreign born
HC02_EST_VC29,Moved; within same county; Estimate; Population 1 year and over - CITIZENSHIP STATUS - Foreign born
HC02_MOE_VC29,Moved; within same county; Margin of Error; Population 1 year and over - CITIZENSHIP STATUS - Foreign born
HC03_EST_VC29,"Moved; from different county, same state; Estimate; Population 1 year and over - CITIZENSHIP STATUS - Foreign born"
HC03_MOE_VC29,"Moved; from different county, same state; Margin of Error; Population 1 year and over - CITIZENSHIP STATUS - Foreign born"
HC04_EST_VC29,Moved; from different state; Estimate; Population 1 year and over - CITIZENSHIP STATUS - Foreign born
HC04_MOE_VC29,Moved; from different state; Margin of Error; Population 1 year and over - CITIZENSHIP STATUS - Foreign born
HC05_EST_VC29,Moved; from abroad; Estimate; Population 1 year and over - CITIZENSHIP STATUS - Foreign born
HC05_MOE_VC29,Moved; from abroad; Margin of Error; Population 1 year and over - CITIZENSHIP STATUS - Foreign born
HC01_EST_VC30,Total; Estimate; Population 1 year and over - CITIZENSHIP STATUS - Foreign born - Naturalized U.S. citizen
HC01_MOE_VC30,Total; Margin of Error; Population 1 year and over - CITIZENSHIP STATUS - Foreign born - Naturalized U.S. citizen
HC02_EST_VC30,Moved; within same county; Estimate; Population 1 year and over - CITIZENSHIP STATUS - Foreign born - Naturalized U.S. citizen
HC02_MOE_VC30,Moved; within same county; Margin of Error; Population 1 year and over - CITIZENSHIP STATUS - Foreign born - Naturalized U.S. citizen
HC03_EST_VC30,"Moved; from different county, same state; Estimate; Population 1 year and over - CITIZENSHIP STATUS - Foreign born - Naturalized U.S. citizen"
HC03_MOE_VC30,"Moved; from different county, same state; Margin of Error; Population 1 year and over - CITIZENSHIP STATUS - Foreign born - Naturalized U.S. citizen"
HC04_EST_VC30,Moved; from different state; Estimate; Population 1 year and over - CITIZENSHIP STATUS - Foreign born - Naturalized U.S. citizen
HC04_MOE_VC30,Moved; from different state; Margin of Error; Population 1 year and over - CITIZENSHIP STATUS - Foreign born - Naturalized U.S. citizen
HC05_EST_VC30,Moved; from abroad; Estimate; Population 1 year and over - CITIZENSHIP STATUS - Foreign born - Naturalized U.S. citizen
HC05_MOE_VC30,Moved; from abroad; Margin of Error; Population 1 year and over - CITIZENSHIP STATUS - Foreign born - Naturalized U.S. citizen
HC01_EST_VC31,Total; Estimate; Population 1 year and over - CITIZENSHIP STATUS - Foreign born - Not a U.S. citizen
HC01_MOE_VC31,Total; Margin of Error; Population 1 year and over - CITIZENSHIP STATUS - Foreign born - Not a U.S. citizen
HC02_EST_VC31,Moved; within same county; Estimate; Population 1 year and over - CITIZENSHIP STATUS - Foreign born - Not a U.S. citizen
HC02_MOE_VC31,Moved; within same county; Margin of Error; Population 1 year and over - CITIZENSHIP STATUS - Foreign born - Not a U.S. citizen
HC03_EST_VC31,"Moved; from different county, same state; Estimate; Population 1 year and over - CITIZENSHIP STATUS - Foreign born - Not a U.S. citizen"
HC03_MOE_VC31,"Moved; from different county, same state; Margin of Error; Population 1 year and over - CITIZENSHIP STATUS - Foreign born - Not a U.S. citizen"
HC04_EST_VC31,Moved; from different state; Estimate; Population 1 year and over - CITIZENSHIP STATUS - Foreign born - Not a U.S. citizen
HC04_MOE_VC31,Moved; from different state; Margin of Error; Population 1 year and over - CITIZENSHIP STATUS - Foreign born - Not a U.S. citizen
HC05_EST_VC31,Moved; from abroad; Estimate; Population 1 year and over - CITIZENSHIP STATUS - Foreign born - Not a U.S. citizen
HC05_MOE_VC31,Moved; from abroad; Margin of Error; Population 1 year and over - CITIZENSHIP STATUS - Foreign born - Not a U.S. citizen
HC01_EST_VC33,Total; Estimate; MARITAL STATUS - Population 15 years and over
HC01_MOE_VC33,Total; Margin of Error; MARITAL STATUS - Population 15 years and over
HC02_EST_VC33,Moved; within same county; Estimate; MARITAL STATUS - Population 15 years and over
HC02_MOE_VC33,Moved; within same county; Margin of Error; MARITAL STATUS - Population 15 years and over
HC03_EST_VC33,"Moved; from different county, same state; Estimate; MARITAL STATUS - Population 15 years and over"
HC03_MOE_VC33,"Moved; from different county, same state; Margin of Error; MARITAL STATUS - Population 15 years and over"
HC04_EST_VC33,Moved; from different state; Estimate; MARITAL STATUS - Population 15 years and over
HC04_MOE_VC33,Moved; from different state; Margin of Error; MARITAL STATUS - Population 15 years and over
HC05_EST_VC33,Moved; from abroad; Estimate; MARITAL STATUS - Population 15 years and over
HC05_MOE_VC33,Moved; from abroad; Margin of Error; MARITAL STATUS - Population 15 years and over
HC01_EST_VC34,Total; Estimate; MARITAL STATUS - Population 15 years and over - Never married
HC01_MOE_VC34,Total; Margin of Error; MARITAL STATUS - Population 15 years and over - Never married
HC02_EST_VC34,Moved; within same county; Estimate; MARITAL STATUS - Population 15 years and over - Never married
HC02_MOE_VC34,Moved; within same county; Margin of Error; MARITAL STATUS - Population 15 years and over - Never married
HC03_EST_VC34,"Moved; from different county, same state; Estimate; MARITAL STATUS - Population 15 years and over - Never married"
HC03_MOE_VC34,"Moved; from different county, same state; Margin of Error; MARITAL STATUS - Population 15 years and over - Never married"
HC04_EST_VC34,Moved; from different state; Estimate; MARITAL STATUS - Population 15 years and over - Never married
HC04_MOE_VC34,Moved; from different state; Margin of Error; MARITAL STATUS - Population 15 years and over - Never married
HC05_EST_VC34,Moved; from abroad; Estimate; MARITAL STATUS - Population 15 years and over - Never married
HC05_MOE_VC34,Moved; from abroad; Margin of Error; MARITAL STATUS - Population 15 years and over - Never married
HC01_EST_VC35,"Total; Estimate; MARITAL STATUS - Population 15 years and over - Now married, except separated"
HC01_MOE_VC35,"Total; Margin of Error; MARITAL STATUS - Population 15 years and over - Now married, except separated"
HC02_EST_VC35,"Moved; within same county; Estimate; MARITAL STATUS - Population 15 years and over - Now married, except separated"
HC02_MOE_VC35,"Moved; within same county; Margin of Error; MARITAL STATUS - Population 15 years and over - Now married, except separated"
HC03_EST_VC35,"Moved; from different county, same state; Estimate; MARITAL STATUS - Population 15 years and over - Now married, except separated"
HC03_MOE_VC35,"Moved; from different county, same state; Margin of Error; MARITAL STATUS - Population 15 years and over - Now married, except separated"
HC04_EST_VC35,"Moved; from different state; Estimate; MARITAL STATUS - Population 15 years and over - Now married, except separated"
HC04_MOE_VC35,"Moved; from different state; Margin of Error; MARITAL STATUS - Population 15 years and over - Now married, except separated"
HC05_EST_VC35,"Moved; from abroad; Estimate; MARITAL STATUS - Population 15 years and over - Now married, except separated"
HC05_MOE_VC35,"Moved; from abroad; Margin of Error; MARITAL STATUS - Population 15 years and over - Now married, except separated"
HC01_EST_VC36,Total; Estimate; MARITAL STATUS - Population 15 years and over - Divorced or separated
HC01_MOE_VC36,Total; Margin of Error; MARITAL STATUS - Population 15 years and over - Divorced or separated
HC02_EST_VC36,Moved; within same county; Estimate; MARITAL STATUS - Population 15 years and over - Divorced or separated
HC02_MOE_VC36,Moved; within same county; Margin of Error; MARITAL STATUS - Population 15 years and over - Divorced or separated
HC03_EST_VC36,"Moved; from different county, same state; Estimate; MARITAL STATUS - Population 15 years and over - Divorced or separated"
HC03_MOE_VC36,"Moved; from different county, same state; Margin of Error; MARITAL STATUS - Population 15 years and over - Divorced or separated"
HC04_EST_VC36,Moved; from different state; Estimate; MARITAL STATUS - Population 15 years and over - Divorced or separated
HC04_MOE_VC36,Moved; from different state; Margin of Error; MARITAL STATUS - Population 15 years and over - Divorced or separated
HC05_EST_VC36,Moved; from abroad; Estimate; MARITAL STATUS - Population 15 years and over - Divorced or separated
HC05_MOE_VC36,Moved; from abroad; Margin of Error; MARITAL STATUS - Population 15 years and over - Divorced or separated
HC01_EST_VC37,Total; Estimate; MARITAL STATUS - Population 15 years and over - Widowed
HC01_MOE_VC37,Total; Margin of Error; MARITAL STATUS - Population 15 years and over - Widowed
HC02_EST_VC37,Moved; within same county; Estimate; MARITAL STATUS - Population 15 years and over - Widowed
HC02_MOE_VC37,Moved; within same county; Margin of Error; MARITAL STATUS - Population 15 years and over - Widowed
HC03_EST_VC37,"Moved; from different county, same state; Estimate; MARITAL STATUS - Population 15 years and over - Widowed"
HC03_MOE_VC37,"Moved; from different county, same state; Margin of Error; MARITAL STATUS - Population 15 years and over - Widowed"
HC04_EST_VC37,Moved; from different state; Estimate; MARITAL STATUS - Population 15 years and over - Widowed
HC04_MOE_VC37,Moved; from different state; Margin of Error; MARITAL STATUS - Population 15 years and over - Widowed
HC05_EST_VC37,Moved; from abroad; Estimate; MARITAL STATUS - Population 15 years and over - Widowed
HC05_MOE_VC37,Moved; from abroad; Margin of Error; MARITAL STATUS - Population 15 years and over - Widowed
HC01_EST_VC39,Total; Estimate; EDUCATIONAL ATTAINMENT - Population 25 years and over
HC01_MOE_VC39,Total; Margin of Error; EDUCATIONAL ATTAINMENT - Population 25 years and over
HC02_EST_VC39,Moved; within same county; Estimate; EDUCATIONAL ATTAINMENT - Population 25 years and over
HC02_MOE_VC39,Moved; within same county; Margin of Error; EDUCATIONAL ATTAINMENT - Population 25 years and over
HC03_EST_VC39,"Moved; from different county, same state; Estimate; EDUCATIONAL ATTAINMENT - Population 25 years and over"
HC03_MOE_VC39,"Moved; from different county, same state; Margin of Error; EDUCATIONAL ATTAINMENT - Population 25 years and over"
HC04_EST_VC39,Moved; from different state; Estimate; EDUCATIONAL ATTAINMENT - Population 25 years and over
HC04_MOE_VC39,Moved; from different state; Margin of Error; EDUCATIONAL ATTAINMENT - Population 25 years and over
HC05_EST_VC39,Moved; from abroad; Estimate; EDUCATIONAL ATTAINMENT - Population 25 years and over
HC05_MOE_VC39,Moved; from abroad; Margin of Error; EDUCATIONAL ATTAINMENT - Population 25 years and over
HC01_EST_VC40,Total; Estimate; EDUCATIONAL ATTAINMENT - Population 25 years and over - Less than high school graduate
HC01_MOE_VC40,Total; Margin of Error; EDUCATIONAL ATTAINMENT - Population 25 years and over - Less than high school graduate
HC02_EST_VC40,Moved; within same county; Estimate; EDUCATIONAL ATTAINMENT - Population 25 years and over - Less than high school graduate
HC02_MOE_VC40,Moved; within same county; Margin of Error; EDUCATIONAL ATTAINMENT - Population 25 years and over - Less than high school graduate
HC03_EST_VC40,"Moved; from different county, same state; Estimate; EDUCATIONAL ATTAINMENT - Population 25 years and over - Less than high school graduate"
HC03_MOE_VC40,"Moved; from different county, same state; Margin of Error; EDUCATIONAL ATTAINMENT - Population 25 years and over - Less than high school graduate"
HC04_EST_VC40,Moved; from different state; Estimate; EDUCATIONAL ATTAINMENT - Population 25 years and over - Less than high school graduate
HC04_MOE_VC40,Moved; from different state; Margin of Error; EDUCATIONAL ATTAINMENT - Population 25 years and over - Less than high school graduate
HC05_EST_VC40,Moved; from abroad; Estimate; EDUCATIONAL ATTAINMENT - Population 25 years and over - Less than high school graduate
HC05_MOE_VC40,Moved; from abroad; Margin of Error; EDUCATIONAL ATTAINMENT - Population 25 years and over - Less than high school graduate
HC01_EST_VC41,Total; Estimate; EDUCATIONAL ATTAINMENT - Population 25 years and over - High school graduate (includes equivalency)
HC01_MOE_VC41,Total; Margin of Error; EDUCATIONAL ATTAINMENT - Population 25 years and over - High school graduate (includes equivalency)
HC02_EST_VC41,Moved; within same county; Estimate; EDUCATIONAL ATTAINMENT - Population 25 years and over - High school graduate (includes equivalency)
HC02_MOE_VC41,Moved; within same county; Margin of Error; EDUCATIONAL ATTAINMENT - Population 25 years and over - High school graduate (includes equivalency)
HC03_EST_VC41,"Moved; from different county, same state; Estimate; EDUCATIONAL ATTAINMENT - Population 25 years and over - High school graduate (includes equivalency)"
HC03_MOE_VC41,"Moved; from different county, same state; Margin of Error; EDUCATIONAL ATTAINMENT - Population 25 years and over - High school graduate (includes equivalency)"
HC04_EST_VC41,Moved; from different state; Estimate; EDUCATIONAL ATTAINMENT - Population 25 years and over - High school graduate (includes equivalency)
HC04_MOE_VC41,Moved; from different state; Margin of Error; EDUCATIONAL ATTAINMENT - Population 25 years and over - High school graduate (includes equivalency)
HC05_EST_VC41,Moved; from abroad; Estimate; EDUCATIONAL ATTAINMENT - Population 25 years and over - High school graduate (includes equivalency)
HC05_MOE_VC41,Moved; from abroad; Margin of Error; EDUCATIONAL ATTAINMENT - Population 25 years and over - High school graduate (includes equivalency)
HC01_EST_VC42,Total; Estimate; EDUCATIONAL ATTAINMENT - Population 25 years and over - Some college or associate's degree
HC01_MOE_VC42,Total; Margin of Error; EDUCATIONAL ATTAINMENT - Population 25 years and over - Some college or associate's degree
HC02_EST_VC42,Moved; within same county; Estimate; EDUCATIONAL ATTAINMENT - Population 25 years and over - Some college or associate's degree
HC02_MOE_VC42,Moved; within same county; Margin of Error; EDUCATIONAL ATTAINMENT - Population 25 years and over - Some college or associate's degree
HC03_EST_VC42,"Moved; from different county, same state; Estimate; EDUCATIONAL ATTAINMENT - Population 25 years and over - Some college or associate's degree"
HC03_MOE_VC42,"Moved; from different county, same state; Margin of Error; EDUCATIONAL ATTAINMENT - Population 25 years and over - Some college or associate's degree"
HC04_EST_VC42,Moved; from different state; Estimate; EDUCATIONAL ATTAINMENT - Population 25 years and over - Some college or associate's degree
HC04_MOE_VC42,Moved; from different state; Margin of Error; EDUCATIONAL ATTAINMENT - Population 25 years and over - Some college or associate's degree
HC05_EST_VC42,Moved; from abroad; Estimate; EDUCATIONAL ATTAINMENT - Population 25 years and over - Some college or associate's degree
HC05_MOE_VC42,Moved; from abroad; Margin of Error; EDUCATIONAL ATTAINMENT - Population 25 years and over - Some college or associate's degree
HC01_EST_VC43,Total; Estimate; EDUCATIONAL ATTAINMENT - Population 25 years and over - Bachelor's degree
HC01_MOE_VC43,Total; Margin of Error; EDUCATIONAL ATTAINMENT - Population 25 years and over - Bachelor's degree
HC02_EST_VC43,Moved; within same county; Estimate; EDUCATIONAL ATTAINMENT - Population 25 years and over - Bachelor's degree
HC02_MOE_VC43,Moved; within same county; Margin of Error; EDUCATIONAL ATTAINMENT - Population 25 years and over - Bachelor's degree
HC03_EST_VC43,"Moved; from different county, same state; Estimate; EDUCATIONAL ATTAINMENT - Population 25 years and over - Bachelor's degree"
HC03_MOE_VC43,"Moved; from different county, same state; Margin of Error; EDUCATIONAL ATTAINMENT - Population 25 years and over - Bachelor's degree"
HC04_EST_VC43,Moved; from different state; Estimate; EDUCATIONAL ATTAINMENT - Population 25 years and over - Bachelor's degree
HC04_MOE_VC43,Moved; from different state; Margin of Error; EDUCATIONAL ATTAINMENT - Population 25 years and over - Bachelor's degree
HC05_EST_VC43,Moved; from abroad; Estimate; EDUCATIONAL ATTAINMENT - Population 25 years and over - Bachelor's degree
HC05_MOE_VC43,Moved; from abroad; Margin of Error; EDUCATIONAL ATTAINMENT - Population 25 years and over - Bachelor's degree
HC01_EST_VC44,Total; Estimate; EDUCATIONAL ATTAINMENT - Population 25 years and over - Graduate or professional degree
HC01_MOE_VC44,Total; Margin of Error; EDUCATIONAL ATTAINMENT - Population 25 years and over - Graduate or professional degree
HC02_EST_VC44,Moved; within same county; Estimate; EDUCATIONAL ATTAINMENT - Population 25 years and over - Graduate or professional degree
HC02_MOE_VC44,Moved; within same county; Margin of Error; EDUCATIONAL ATTAINMENT - Population 25 years and over - Graduate or professional degree
HC03_EST_VC44,"Moved; from different county, same state; Estimate; EDUCATIONAL ATTAINMENT - Population 25 years and over - Graduate or professional degree"
HC03_MOE_VC44,"Moved; from different county, same state; Margin of Error; EDUCATIONAL ATTAINMENT - Population 25 years and over - Graduate or professional degree"
HC04_EST_VC44,Moved; from different state; Estimate; EDUCATIONAL ATTAINMENT - Population 25 years and over - Graduate or professional degree
HC04_MOE_VC44,Moved; from different state; Margin of Error; EDUCATIONAL ATTAINMENT - Population 25 years and over - Graduate or professional degree
HC05_EST_VC44,Moved; from abroad; Estimate; EDUCATIONAL ATTAINMENT - Population 25 years and over - Graduate or professional degree
HC05_MOE_VC44,Moved; from abroad; Margin of Error; EDUCATIONAL ATTAINMENT - Population 25 years and over - Graduate or professional degree
HC01_EST_VC46,Total; Estimate; INDIVIDUAL INCOME IN THE PAST 12 MONTHS (IN 2009 INFLATION-ADJUSTED DOLLARS) - Population 15 years and over
HC01_MOE_VC46,Total; Margin of Error; INDIVIDUAL INCOME IN THE PAST 12 MONTHS (IN 2009 INFLATION-ADJUSTED DOLLARS) - Population 15 years and over
HC02_EST_VC46,Moved; within same county; Estimate; INDIVIDUAL INCOME IN THE PAST 12 MONTHS (IN 2009 INFLATION-ADJUSTED DOLLARS) - Population 15 years and over
HC02_MOE_VC46,Moved; within same county; Margin of Error; INDIVIDUAL INCOME IN THE PAST 12 MONTHS (IN 2009 INFLATION-ADJUSTED DOLLARS) - Population 15 years and over
HC03_EST_VC46,"Moved; from different county, same state; Estimate; INDIVIDUAL INCOME IN THE PAST 12 MONTHS (IN 2009 INFLATION-ADJUSTED DOLLARS) - Population 15 years and over"
HC03_MOE_VC46,"Moved; from different county, same state; Margin of Error; INDIVIDUAL INCOME IN THE PAST 12 MONTHS (IN 2009 INFLATION-ADJUSTED DOLLARS) - Population 15 years and over"
HC04_EST_VC46,Moved; from different state; Estimate; INDIVIDUAL INCOME IN THE PAST 12 MONTHS (IN 2009 INFLATION-ADJUSTED DOLLARS) - Population 15 years and over
HC04_MOE_VC46,Moved; from different state; Margin of Error; INDIVIDUAL INCOME IN THE PAST 12 MONTHS (IN 2009 INFLATION-ADJUSTED DOLLARS) - Population 15 years and over
HC05_EST_VC46,Moved; from abroad; Estimate; INDIVIDUAL INCOME IN THE PAST 12 MONTHS (IN 2009 INFLATION-ADJUSTED DOLLARS) - Population 15 years and over
HC05_MOE_VC46,Moved; from abroad; Margin of Error; INDIVIDUAL INCOME IN THE PAST 12 MONTHS (IN 2009 INFLATION-ADJUSTED DOLLARS) - Population 15 years and over
HC01_EST_VC47,"Total; Estimate; INDIVIDUAL INCOME IN THE PAST 12 MONTHS (IN 2009 INFLATION-ADJUSTED DOLLARS) - Population 15 years and over - $1 to $9,999 or loss"
HC01_MOE_VC47,"Total; Margin of Error; INDIVIDUAL INCOME IN THE PAST 12 MONTHS (IN 2009 INFLATION-ADJUSTED DOLLARS) - Population 15 years and over - $1 to $9,999 or loss"
HC02_EST_VC47,"Moved; within same county; Estimate; INDIVIDUAL INCOME IN THE PAST 12 MONTHS (IN 2009 INFLATION-ADJUSTED DOLLARS) - Population 15 years and over - $1 to $9,999 or loss"
HC02_MOE_VC47,"Moved; within same county; Margin of Error; INDIVIDUAL INCOME IN THE PAST 12 MONTHS (IN 2009 INFLATION-ADJUSTED DOLLARS) - Population 15 years and over - $1 to $9,999 or loss"
HC03_EST_VC47,"Moved; from different county, same state; Estimate; INDIVIDUAL INCOME IN THE PAST 12 MONTHS (IN 2009 INFLATION-ADJUSTED DOLLARS) - Population 15 years and over - $1 to $9,999 or loss"
HC03_MOE_VC47,"Moved; from different county, same state; Margin of Error; INDIVIDUAL INCOME IN THE PAST 12 MONTHS (IN 2009 INFLATION-ADJUSTED DOLLARS) - Population 15 years and over - $1 to $9,999 or loss"
HC04_EST_VC47,"Moved; from different state; Estimate; INDIVIDUAL INCOME IN THE PAST 12 MONTHS (IN 2009 INFLATION-ADJUSTED DOLLARS) - Population 15 years and over - $1 to $9,999 or loss"
HC04_MOE_VC47,"Moved; from different state; Margin of Error; INDIVIDUAL INCOME IN THE PAST 12 MONTHS (IN 2009 INFLATION-ADJUSTED DOLLARS) - Population 15 years and over - $1 to $9,999 or loss"
HC05_EST_VC47,"Moved; from abroad; Estimate; INDIVIDUAL INCOME IN THE PAST 12 MONTHS (IN 2009 INFLATION-ADJUSTED DOLLARS) - Population 15 years and over - $1 to $9,999 or loss"
HC05_MOE_VC47,"Moved; from abroad; Margin of Error; INDIVIDUAL INCOME IN THE PAST 12 MONTHS (IN 2009 INFLATION-ADJUSTED DOLLARS) - Population 15 years and over - $1 to $9,999 or loss"
HC01_EST_VC48,"Total; Estimate; INDIVIDUAL INCOME IN THE PAST 12 MONTHS (IN 2009 INFLATION-ADJUSTED DOLLARS) - Population 15 years and over - $10,000 to $14,999"
HC01_MOE_VC48,"Total; Margin of Error; INDIVIDUAL INCOME IN THE PAST 12 MONTHS (IN 2009 INFLATION-ADJUSTED DOLLARS) - Population 15 years and over - $10,000 to $14,999"
HC02_EST_VC48,"Moved; within same county; Estimate; INDIVIDUAL INCOME IN THE PAST 12 MONTHS (IN 2009 INFLATION-ADJUSTED DOLLARS) - Population 15 years and over - $10,000 to $14,999"
HC02_MOE_VC48,"Moved; within same county; Margin of Error; INDIVIDUAL INCOME IN THE PAST 12 MONTHS (IN 2009 INFLATION-ADJUSTED DOLLARS) - Population 15 years and over - $10,000 to $14,999"
HC03_EST_VC48,"Moved; from different county, same state; Estimate; INDIVIDUAL INCOME IN THE PAST 12 MONTHS (IN 2009 INFLATION-ADJUSTED DOLLARS) - Population 15 years and over - $10,000 to $14,999"
HC03_MOE_VC48,"Moved; from different county, same state; Margin of Error; INDIVIDUAL INCOME IN THE PAST 12 MONTHS (IN 2009 INFLATION-ADJUSTED DOLLARS) - Population 15 years and over - $10,000 to $14,999"
HC04_EST_VC48,"Moved; from different state; Estimate; INDIVIDUAL INCOME IN THE PAST 12 MONTHS (IN 2009 INFLATION-ADJUSTED DOLLARS) - Population 15 years and over - $10,000 to $14,999"
HC04_MOE_VC48,"Moved; from different state; Margin of Error; INDIVIDUAL INCOME IN THE PAST 12 MONTHS (IN 2009 INFLATION-ADJUSTED DOLLARS) - Population 15 years and over - $10,000 to $14,999"
HC05_EST_VC48,"Moved; from abroad; Estimate; INDIVIDUAL INCOME IN THE PAST 12 MONTHS (IN 2009 INFLATION-ADJUSTED DOLLARS) - Population 15 years and over - $10,000 to $14,999"
HC05_MOE_VC48,"Moved; from abroad; Margin of Error; INDIVIDUAL INCOME IN THE PAST 12 MONTHS (IN 2009 INFLATION-ADJUSTED DOLLARS) - Population 15 years and over - $10,000 to $14,999"
HC01_EST_VC49,"Total; Estimate; INDIVIDUAL INCOME IN THE PAST 12 MONTHS (IN 2009 INFLATION-ADJUSTED DOLLARS) - Population 15 years and over - $15,000 to $24,999"
HC01_MOE_VC49,"Total; Margin of Error; INDIVIDUAL INCOME IN THE PAST 12 MONTHS (IN 2009 INFLATION-ADJUSTED DOLLARS) - Population 15 years and over - $15,000 to $24,999"
HC02_EST_VC49,"Moved; within same county; Estimate; INDIVIDUAL INCOME IN THE PAST 12 MONTHS (IN 2009 INFLATION-ADJUSTED DOLLARS) - Population 15 years and over - $15,000 to $24,999"
HC02_MOE_VC49,"Moved; within same county; Margin of Error; INDIVIDUAL INCOME IN THE PAST 12 MONTHS (IN 2009 INFLATION-ADJUSTED DOLLARS) - Population 15 years and over - $15,000 to $24,999"
HC03_EST_VC49,"Moved; from different county, same state; Estimate; INDIVIDUAL INCOME IN THE PAST 12 MONTHS (IN 2009 INFLATION-ADJUSTED DOLLARS) - Population 15 years and over - $15,000 to $24,999"
HC03_MOE_VC49,"Moved; from different county, same state; Margin of Error; INDIVIDUAL INCOME IN THE PAST 12 MONTHS (IN 2009 INFLATION-ADJUSTED DOLLARS) - Population 15 years and over - $15,000 to $24,999"
HC04_EST_VC49,"Moved; from different state; Estimate; INDIVIDUAL INCOME IN THE PAST 12 MONTHS (IN 2009 INFLATION-ADJUSTED DOLLARS) - Population 15 years and over - $15,000 to $24,999"
HC04_MOE_VC49,"Moved; from different state; Margin of Error; INDIVIDUAL INCOME IN THE PAST 12 MONTHS (IN 2009 INFLATION-ADJUSTED DOLLARS) - Population 15 years and over - $15,000 to $24,999"
HC05_EST_VC49,"Moved; from abroad; Estimate; INDIVIDUAL INCOME IN THE PAST 12 MONTHS (IN 2009 INFLATION-ADJUSTED DOLLARS) - Population 15 years and over - $15,000 to $24,999"
HC05_MOE_VC49,"Moved; from abroad; Margin of Error; INDIVIDUAL INCOME IN THE PAST 12 MONTHS (IN 2009 INFLATION-ADJUSTED DOLLARS) - Population 15 years and over - $15,000 to $24,999"
HC01_EST_VC50,"Total; Estimate; INDIVIDUAL INCOME IN THE PAST 12 MONTHS (IN 2009 INFLATION-ADJUSTED DOLLARS) - Population 15 years and over - $25,000 to $34,999"
HC01_MOE_VC50,"Total; Margin of Error; INDIVIDUAL INCOME IN THE PAST 12 MONTHS (IN 2009 INFLATION-ADJUSTED DOLLARS) - Population 15 years and over - $25,000 to $34,999"
HC02_EST_VC50,"Moved; within same county; Estimate; INDIVIDUAL INCOME IN THE PAST 12 MONTHS (IN 2009 INFLATION-ADJUSTED DOLLARS) - Population 15 years and over - $25,000 to $34,999"
HC02_MOE_VC50,"Moved; within same county; Margin of Error; INDIVIDUAL INCOME IN THE PAST 12 MONTHS (IN 2009 INFLATION-ADJUSTED DOLLARS) - Population 15 years and over - $25,000 to $34,999"
HC03_EST_VC50,"Moved; from different county, same state; Estimate; INDIVIDUAL INCOME IN THE PAST 12 MONTHS (IN 2009 INFLATION-ADJUSTED DOLLARS) - Population 15 years and over - $25,000 to $34,999"
HC03_MOE_VC50,"Moved; from different county, same state; Margin of Error; INDIVIDUAL INCOME IN THE PAST 12 MONTHS (IN 2009 INFLATION-ADJUSTED DOLLARS) - Population 15 years and over - $25,000 to $34,999"
HC04_EST_VC50,"Moved; from different state; Estimate; INDIVIDUAL INCOME IN THE PAST 12 MONTHS (IN 2009 INFLATION-ADJUSTED DOLLARS) - Population 15 years and over - $25,000 to $34,999"
HC04_MOE_VC50,"Moved; from different state; Margin of Error; INDIVIDUAL INCOME IN THE PAST 12 MONTHS (IN 2009 INFLATION-ADJUSTED DOLLARS) - Population 15 years and over - $25,000 to $34,999"
HC05_EST_VC50,"Moved; from abroad; Estimate; INDIVIDUAL INCOME IN THE PAST 12 MONTHS (IN 2009 INFLATION-ADJUSTED DOLLARS) - Population 15 years and over - $25,000 to $34,999"
HC05_MOE_VC50,"Moved; from abroad; Margin of Error; INDIVIDUAL INCOME IN THE PAST 12 MONTHS (IN 2009 INFLATION-ADJUSTED DOLLARS) - Population 15 years and over - $25,000 to $34,999"
HC01_EST_VC51,"Total; Estimate; INDIVIDUAL INCOME IN THE PAST 12 MONTHS (IN 2009 INFLATION-ADJUSTED DOLLARS) - Population 15 years and over - $35,000 to $49,999"
HC01_MOE_VC51,"Total; Margin of Error; INDIVIDUAL INCOME IN THE PAST 12 MONTHS (IN 2009 INFLATION-ADJUSTED DOLLARS) - Population 15 years and over - $35,000 to $49,999"
HC02_EST_VC51,"Moved; within same county; Estimate; INDIVIDUAL INCOME IN THE PAST 12 MONTHS (IN 2009 INFLATION-ADJUSTED DOLLARS) - Population 15 years and over - $35,000 to $49,999"
HC02_MOE_VC51,"Moved; within same county; Margin of Error; INDIVIDUAL INCOME IN THE PAST 12 MONTHS (IN 2009 INFLATION-ADJUSTED DOLLARS) - Population 15 years and over - $35,000 to $49,999"
HC03_EST_VC51,"Moved; from different county, same state; Estimate; INDIVIDUAL INCOME IN THE PAST 12 MONTHS (IN 2009 INFLATION-ADJUSTED DOLLARS) - Population 15 years and over - $35,000 to $49,999"
HC03_MOE_VC51,"Moved; from different county, same state; Margin of Error; INDIVIDUAL INCOME IN THE PAST 12 MONTHS (IN 2009 INFLATION-ADJUSTED DOLLARS) - Population 15 years and over - $35,000 to $49,999"
HC04_EST_VC51,"Moved; from different state; Estimate; INDIVIDUAL INCOME IN THE PAST 12 MONTHS (IN 2009 INFLATION-ADJUSTED DOLLARS) - Population 15 years and over - $35,000 to $49,999"
HC04_MOE_VC51,"Moved; from different state; Margin of Error; INDIVIDUAL INCOME IN THE PAST 12 MONTHS (IN 2009 INFLATION-ADJUSTED DOLLARS) - Population 15 years and over - $35,000 to $49,999"
HC05_EST_VC51,"Moved; from abroad; Estimate; INDIVIDUAL INCOME IN THE PAST 12 MONTHS (IN 2009 INFLATION-ADJUSTED DOLLARS) - Population 15 years and over - $35,000 to $49,999"
HC05_MOE_VC51,"Moved; from abroad; Margin of Error; INDIVIDUAL INCOME IN THE PAST 12 MONTHS (IN 2009 INFLATION-ADJUSTED DOLLARS) - Population 15 years and over - $35,000 to $49,999"
HC01_EST_VC52,"Total; Estimate; INDIVIDUAL INCOME IN THE PAST 12 MONTHS (IN 2009 INFLATION-ADJUSTED DOLLARS) - Population 15 years and over - $50,000 to $64,999"
HC01_MOE_VC52,"Total; Margin of Error; INDIVIDUAL INCOME IN THE PAST 12 MONTHS (IN 2009 INFLATION-ADJUSTED DOLLARS) - Population 15 years and over - $50,000 to $64,999"
HC02_EST_VC52,"Moved; within same county; Estimate; INDIVIDUAL INCOME IN THE PAST 12 MONTHS (IN 2009 INFLATION-ADJUSTED DOLLARS) - Population 15 years and over - $50,000 to $64,999"
HC02_MOE_VC52,"Moved; within same county; Margin of Error; INDIVIDUAL INCOME IN THE PAST 12 MONTHS (IN 2009 INFLATION-ADJUSTED DOLLARS) - Population 15 years and over - $50,000 to $64,999"
HC03_EST_VC52,"Moved; from different county, same state; Estimate; INDIVIDUAL INCOME IN THE PAST 12 MONTHS (IN 2009 INFLATION-ADJUSTED DOLLARS) - Population 15 years and over - $50,000 to $64,999"
HC03_MOE_VC52,"Moved; from different county, same state; Margin of Error; INDIVIDUAL INCOME IN THE PAST 12 MONTHS (IN 2009 INFLATION-ADJUSTED DOLLARS) - Population 15 years and over - $50,000 to $64,999"
HC04_EST_VC52,"Moved; from different state; Estimate; INDIVIDUAL INCOME IN THE PAST 12 MONTHS (IN 2009 INFLATION-ADJUSTED DOLLARS) - Population 15 years and over - $50,000 to $64,999"
HC04_MOE_VC52,"Moved; from different state; Margin of Error; INDIVIDUAL INCOME IN THE PAST 12 MONTHS (IN 2009 INFLATION-ADJUSTED DOLLARS) - Population 15 years and over - $50,000 to $64,999"
HC05_EST_VC52,"Moved; from abroad; Estimate; INDIVIDUAL INCOME IN THE PAST 12 MONTHS (IN 2009 INFLATION-ADJUSTED DOLLARS) - Population 15 years and over - $50,000 to $64,999"
HC05_MOE_VC52,"Moved; from abroad; Margin of Error; INDIVIDUAL INCOME IN THE PAST 12 MONTHS (IN 2009 INFLATION-ADJUSTED DOLLARS) - Population 15 years and over - $50,000 to $64,999"
HC01_EST_VC53,"Total; Estimate; INDIVIDUAL INCOME IN THE PAST 12 MONTHS (IN 2009 INFLATION-ADJUSTED DOLLARS) - Population 15 years and over - $65,000 to $74,999"
HC01_MOE_VC53,"Total; Margin of Error; INDIVIDUAL INCOME IN THE PAST 12 MONTHS (IN 2009 INFLATION-ADJUSTED DOLLARS) - Population 15 years and over - $65,000 to $74,999"
HC02_EST_VC53,"Moved; within same county; Estimate; INDIVIDUAL INCOME IN THE PAST 12 MONTHS (IN 2009 INFLATION-ADJUSTED DOLLARS) - Population 15 years and over - $65,000 to $74,999"
HC02_MOE_VC53,"Moved; within same county; Margin of Error; INDIVIDUAL INCOME IN THE PAST 12 MONTHS (IN 2009 INFLATION-ADJUSTED DOLLARS) - Population 15 years and over - $65,000 to $74,999"
HC03_EST_VC53,"Moved; from different county, same state; Estimate; INDIVIDUAL INCOME IN THE PAST 12 MONTHS (IN 2009 INFLATION-ADJUSTED DOLLARS) - Population 15 years and over - $65,000 to $74,999"
HC03_MOE_VC53,"Moved; from different county, same state; Margin of Error; INDIVIDUAL INCOME IN THE PAST 12 MONTHS (IN 2009 INFLATION-ADJUSTED DOLLARS) - Population 15 years and over - $65,000 to $74,999"
HC04_EST_VC53,"Moved; from different state; Estimate; INDIVIDUAL INCOME IN THE PAST 12 MONTHS (IN 2009 INFLATION-ADJUSTED DOLLARS) - Population 15 years and over - $65,000 to $74,999"
HC04_MOE_VC53,"Moved; from different state; Margin of Error; INDIVIDUAL INCOME IN THE PAST 12 MONTHS (IN 2009 INFLATION-ADJUSTED DOLLARS) - Population 15 years and over - $65,000 to $74,999"
HC05_EST_VC53,"Moved; from abroad; Estimate; INDIVIDUAL INCOME IN THE PAST 12 MONTHS (IN 2009 INFLATION-ADJUSTED DOLLARS) - Population 15 years and over - $65,000 to $74,999"
HC05_MOE_VC53,"Moved; from abroad; Margin of Error; INDIVIDUAL INCOME IN THE PAST 12 MONTHS (IN 2009 INFLATION-ADJUSTED DOLLARS) - Population 15 years and over - $65,000 to $74,999"
HC01_EST_VC54,"Total; Estimate; INDIVIDUAL INCOME IN THE PAST 12 MONTHS (IN 2009 INFLATION-ADJUSTED DOLLARS) - Population 15 years and over - $75,000 or more"
HC01_MOE_VC54,"Total; Margin of Error; INDIVIDUAL INCOME IN THE PAST 12 MONTHS (IN 2009 INFLATION-ADJUSTED DOLLARS) - Population 15 years and over - $75,000 or more"
HC02_EST_VC54,"Moved; within same county; Estimate; INDIVIDUAL INCOME IN THE PAST 12 MONTHS (IN 2009 INFLATION-ADJUSTED DOLLARS) - Population 15 years and over - $75,000 or more"
HC02_MOE_VC54,"Moved; within same county; Margin of Error; INDIVIDUAL INCOME IN THE PAST 12 MONTHS (IN 2009 INFLATION-ADJUSTED DOLLARS) - Population 15 years and over - $75,000 or more"
HC03_EST_VC54,"Moved; from different county, same state; Estimate; INDIVIDUAL INCOME IN THE PAST 12 MONTHS (IN 2009 INFLATION-ADJUSTED DOLLARS) - Population 15 years and over - $75,000 or more"
HC03_MOE_VC54,"Moved; from different county, same state; Margin of Error; INDIVIDUAL INCOME IN THE PAST 12 MONTHS (IN 2009 INFLATION-ADJUSTED DOLLARS) - Population 15 years and over - $75,000 or more"
HC04_EST_VC54,"Moved; from different state; Estimate; INDIVIDUAL INCOME IN THE PAST 12 MONTHS (IN 2009 INFLATION-ADJUSTED DOLLARS) - Population 15 years and over - $75,000 or more"
HC04_MOE_VC54,"Moved; from different state; Margin of Error; INDIVIDUAL INCOME IN THE PAST 12 MONTHS (IN 2009 INFLATION-ADJUSTED DOLLARS) - Population 15 years and over - $75,000 or more"
HC05_EST_VC54,"Moved; from abroad; Estimate; INDIVIDUAL INCOME IN THE PAST 12 MONTHS (IN 2009 INFLATION-ADJUSTED DOLLARS) - Population 15 years and over - $75,000 or more"
HC05_MOE_VC54,"Moved; from abroad; Margin of Error; INDIVIDUAL INCOME IN THE PAST 12 MONTHS (IN 2009 INFLATION-ADJUSTED DOLLARS) - Population 15 years and over - $75,000 or more"
HC01_EST_VC55,Total; Estimate; INDIVIDUAL INCOME IN THE PAST 12 MONTHS (IN 2009 INFLATION-ADJUSTED DOLLARS) - Population 15 years and over - Median income (dollars)
HC01_MOE_VC55,Total; Margin of Error; INDIVIDUAL INCOME IN THE PAST 12 MONTHS (IN 2009 INFLATION-ADJUSTED DOLLARS) - Population 15 years and over - Median income (dollars)
HC02_EST_VC55,Moved; within same county; Estimate; INDIVIDUAL INCOME IN THE PAST 12 MONTHS (IN 2009 INFLATION-ADJUSTED DOLLARS) - Population 15 years and over - Median income (dollars)
HC02_MOE_VC55,Moved; within same county; Margin of Error; INDIVIDUAL INCOME IN THE PAST 12 MONTHS (IN 2009 INFLATION-ADJUSTED DOLLARS) - Population 15 years and over - Median income (dollars)
HC03_EST_VC55,"Moved; from different county, same state; Estimate; INDIVIDUAL INCOME IN THE PAST 12 MONTHS (IN 2009 INFLATION-ADJUSTED DOLLARS) - Population 15 years and over - Median income (dollars)"
HC03_MOE_VC55,"Moved; from different county, same state; Margin of Error; INDIVIDUAL INCOME IN THE PAST 12 MONTHS (IN 2009 INFLATION-ADJUSTED DOLLARS) - Population 15 years and over - Median income (dollars)"
HC04_EST_VC55,Moved; from different state; Estimate; INDIVIDUAL INCOME IN THE PAST 12 MONTHS (IN 2009 INFLATION-ADJUSTED DOLLARS) - Population 15 years and over - Median income (dollars)
HC04_MOE_VC55,Moved; from different state; Margin of Error; INDIVIDUAL INCOME IN THE PAST 12 MONTHS (IN 2009 INFLATION-ADJUSTED DOLLARS) - Population 15 years and over - Median income (dollars)
HC05_EST_VC55,Moved; from abroad; Estimate; INDIVIDUAL INCOME IN THE PAST 12 MONTHS (IN 2009 INFLATION-ADJUSTED DOLLARS) - Population 15 years and over - Median income (dollars)
HC05_MOE_VC55,Moved; from abroad; Margin of Error; INDIVIDUAL INCOME IN THE PAST 12 MONTHS (IN 2009 INFLATION-ADJUSTED DOLLARS) - Population 15 years and over - Median income (dollars)
HC01_EST_VC57,Total; Estimate; POVERTY STATUS IN THE PAST 12 MONTHS - Population 1 year and over for whom poverty status is determined
HC01_MOE_VC57,Total; Margin of Error; POVERTY STATUS IN THE PAST 12 MONTHS - Population 1 year and over for whom poverty status is determined
HC02_EST_VC57,Moved; within same county; Estimate; POVERTY STATUS IN THE PAST 12 MONTHS - Population 1 year and over for whom poverty status is determined
HC02_MOE_VC57,Moved; within same county; Margin of Error; POVERTY STATUS IN THE PAST 12 MONTHS - Population 1 year and over for whom poverty status is determined
HC03_EST_VC57,"Moved; from different county, same state; Estimate; POVERTY STATUS IN THE PAST 12 MONTHS - Population 1 year and over for whom poverty status is determined"
HC03_MOE_VC57,"Moved; from different county, same state; Margin of Error; POVERTY STATUS IN THE PAST 12 MONTHS - Population 1 year and over for whom poverty status is determined"
HC04_EST_VC57,Moved; from different state; Estimate; POVERTY STATUS IN THE PAST 12 MONTHS - Population 1 year and over for whom poverty status is determined
HC04_MOE_VC57,Moved; from different state; Margin of Error; POVERTY STATUS IN THE PAST 12 MONTHS - Population 1 year and over for whom poverty status is determined
HC05_EST_VC57,Moved; from abroad; Estimate; POVERTY STATUS IN THE PAST 12 MONTHS - Population 1 year and over for whom poverty status is determined
HC05_MOE_VC57,Moved; from abroad; Margin of Error; POVERTY STATUS IN THE PAST 12 MONTHS - Population 1 year and over for whom poverty status is determined
HC01_EST_VC58,Total; Estimate; POVERTY STATUS IN THE PAST 12 MONTHS - Population 1 year and over for whom poverty status is determined - Below 100 percent of the poverty level
HC01_MOE_VC58,Total; Margin of Error; POVERTY STATUS IN THE PAST 12 MONTHS - Population 1 year and over for whom poverty status is determined - Below 100 percent of the poverty level
HC02_EST_VC58,Moved; within same county; Estimate; POVERTY STATUS IN THE PAST 12 MONTHS - Population 1 year and over for whom poverty status is determined - Below 100 percent of the poverty level
HC02_MOE_VC58,Moved; within same county; Margin of Error; POVERTY STATUS IN THE PAST 12 MONTHS - Population 1 year and over for whom poverty status is determined - Below 100 percent of the poverty level
HC03_EST_VC58,"Moved; from different county, same state; Estimate; POVERTY STATUS IN THE PAST 12 MONTHS - Population 1 year and over for whom poverty status is determined - Below 100 percent of the poverty level"
HC03_MOE_VC58,"Moved; from different county, same state; Margin of Error; POVERTY STATUS IN THE PAST 12 MONTHS - Population 1 year and over for whom poverty status is determined - Below 100 percent of the poverty level"
HC04_EST_VC58,Moved; from different state; Estimate; POVERTY STATUS IN THE PAST 12 MONTHS - Population 1 year and over for whom poverty status is determined - Below 100 percent of the poverty level
HC04_MOE_VC58,Moved; from different state; Margin of Error; POVERTY STATUS IN THE PAST 12 MONTHS - Population 1 year and over for whom poverty status is determined - Below 100 percent of the poverty level
HC05_EST_VC58,Moved; from abroad; Estimate; POVERTY STATUS IN THE PAST 12 MONTHS - Population 1 year and over for whom poverty status is determined - Below 100 percent of the poverty level
HC05_MOE_VC58,Moved; from abroad; Margin of Error; POVERTY STATUS IN THE PAST 12 MONTHS - Population 1 year and over for whom poverty status is determined - Below 100 percent of the poverty level
HC01_EST_VC59,Total; Estimate; POVERTY STATUS IN THE PAST 12 MONTHS - Population 1 year and over for whom poverty status is determined - 100 to 149 percent of the poverty level
HC01_MOE_VC59,Total; Margin of Error; POVERTY STATUS IN THE PAST 12 MONTHS - Population 1 year and over for whom poverty status is determined - 100 to 149 percent of the poverty level
HC02_EST_VC59,Moved; within same county; Estimate; POVERTY STATUS IN THE PAST 12 MONTHS - Population 1 year and over for whom poverty status is determined - 100 to 149 percent of the poverty level
HC02_MOE_VC59,Moved; within same county; Margin of Error; POVERTY STATUS IN THE PAST 12 MONTHS - Population 1 year and over for whom poverty status is determined - 100 to 149 percent of the poverty level
HC03_EST_VC59,"Moved; from different county, same state; Estimate; POVERTY STATUS IN THE PAST 12 MONTHS - Population 1 year and over for whom poverty status is determined - 100 to 149 percent of the poverty level"
HC03_MOE_VC59,"Moved; from different county, same state; Margin of Error; POVERTY STATUS IN THE PAST 12 MONTHS - Population 1 year and over for whom poverty status is determined - 100 to 149 percent of the poverty level"
HC04_EST_VC59,Moved; from different state; Estimate; POVERTY STATUS IN THE PAST 12 MONTHS - Population 1 year and over for whom poverty status is determined - 100 to 149 percent of the poverty level
HC04_MOE_VC59,Moved; from different state; Margin of Error; POVERTY STATUS IN THE PAST 12 MONTHS - Population 1 year and over for whom poverty status is determined - 100 to 149 percent of the poverty level
HC05_EST_VC59,Moved; from abroad; Estimate; POVERTY STATUS IN THE PAST 12 MONTHS - Population 1 year and over for whom poverty status is determined - 100 to 149 percent of the poverty level
HC05_MOE_VC59,Moved; from abroad; Margin of Error; POVERTY STATUS IN THE PAST 12 MONTHS - Population 1 year and over for whom poverty status is determined - 100 to 149 percent of the poverty level
HC01_EST_VC60,Total; Estimate; POVERTY STATUS IN THE PAST 12 MONTHS - Population 1 year and over for whom poverty status is determined - At or above 150 percent of the poverty level
HC01_MOE_VC60,Total; Margin of Error; POVERTY STATUS IN THE PAST 12 MONTHS - Population 1 year and over for whom poverty status is determined - At or above 150 percent of the poverty level
HC02_EST_VC60,Moved; within same county; Estimate; POVERTY STATUS IN THE PAST 12 MONTHS - Population 1 year and over for whom poverty status is determined - At or above 150 percent of the poverty level
HC02_MOE_VC60,Moved; within same county; Margin of Error; POVERTY STATUS IN THE PAST 12 MONTHS - Population 1 year and over for whom poverty status is determined - At or above 150 percent of the poverty level
HC03_EST_VC60,"Moved; from different county, same state; Estimate; POVERTY STATUS IN THE PAST 12 MONTHS - Population 1 year and over for whom poverty status is determined - At or above 150 percent of the poverty level"
HC03_MOE_VC60,"Moved; from different county, same state; Margin of Error; POVERTY STATUS IN THE PAST 12 MONTHS - Population 1 year and over for whom poverty status is determined - At or above 150 percent of the poverty level"
HC04_EST_VC60,Moved; from different state; Estimate; POVERTY STATUS IN THE PAST 12 MONTHS - Population 1 year and over for whom poverty status is determined - At or above 150 percent of the poverty level
HC04_MOE_VC60,Moved; from different state; Margin of Error; POVERTY STATUS IN THE PAST 12 MONTHS - Population 1 year and over for whom poverty status is determined - At or above 150 percent of the poverty level
HC05_EST_VC60,Moved; from abroad; Estimate; POVERTY STATUS IN THE PAST 12 MONTHS - Population 1 year and over for whom poverty status is determined - At or above 150 percent of the poverty level
HC05_MOE_VC60,Moved; from abroad; Margin of Error; POVERTY STATUS IN THE PAST 12 MONTHS - Population 1 year and over for whom poverty status is determined - At or above 150 percent of the poverty level
HC01_EST_VC62,Total; Estimate; HOUSING TENURE - Population 1 year and over in housing units
HC01_MOE_VC62,Total; Margin of Error; HOUSING TENURE - Population 1 year and over in housing units
HC02_EST_VC62,Moved; within same county; Estimate; HOUSING TENURE - Population 1 year and over in housing units
HC02_MOE_VC62,Moved; within same county; Margin of Error; HOUSING TENURE - Population 1 year and over in housing units
HC03_EST_VC62,"Moved; from different county, same state; Estimate; HOUSING TENURE - Population 1 year and over in housing units"
HC03_MOE_VC62,"Moved; from different county, same state; Margin of Error; HOUSING TENURE - Population 1 year and over in housing units"
HC04_EST_VC62,Moved; from different state; Estimate; HOUSING TENURE - Population 1 year and over in housing units
HC04_MOE_VC62,Moved; from different state; Margin of Error; HOUSING TENURE - Population 1 year and over in housing units
HC05_EST_VC62,Moved; from abroad; Estimate; HOUSING TENURE - Population 1 year and over in housing units
HC05_MOE_VC62,Moved; from abroad; Margin of Error; HOUSING TENURE - Population 1 year and over in housing units
HC01_EST_VC63,Total; Estimate; HOUSING TENURE - Population 1 year and over in housing units - Householder lived in owner-occupied housing units
HC01_MOE_VC63,Total; Margin of Error; HOUSING TENURE - Population 1 year and over in housing units - Householder lived in owner-occupied housing units
HC02_EST_VC63,Moved; within same county; Estimate; HOUSING TENURE - Population 1 year and over in housing units - Householder lived in owner-occupied housing units
HC02_MOE_VC63,Moved; within same county; Margin of Error; HOUSING TENURE - Population 1 year and over in housing units - Householder lived in owner-occupied housing units
HC03_EST_VC63,"Moved; from different county, same state; Estimate; HOUSING TENURE - Population 1 year and over in housing units - Householder lived in owner-occupied housing units"
HC03_MOE_VC63,"Moved; from different county, same state; Margin of Error; HOUSING TENURE - Population 1 year and over in housing units - Householder lived in owner-occupied housing units"
HC04_EST_VC63,Moved; from different state; Estimate; HOUSING TENURE - Population 1 year and over in housing units - Householder lived in owner-occupied housing units
HC04_MOE_VC63,Moved; from different state; Margin of Error; HOUSING TENURE - Population 1 year and over in housing units - Householder lived in owner-occupied housing units
HC05_EST_VC63,Moved; from abroad; Estimate; HOUSING TENURE - Population 1 year and over in housing units - Householder lived in owner-occupied housing units
HC05_MOE_VC63,Moved; from abroad; Margin of Error; HOUSING TENURE - Population 1 year and over in housing units - Householder lived in owner-occupied housing units
HC01_EST_VC64,Total; Estimate; HOUSING TENURE - Population 1 year and over in housing units - Householder lived in renter-occupied housing units
HC01_MOE_VC64,Total; Margin of Error; HOUSING TENURE - Population 1 year and over in housing units - Householder lived in renter-occupied housing units
HC02_EST_VC64,Moved; within same county; Estimate; HOUSING TENURE - Population 1 year and over in housing units - Householder lived in renter-occupied housing units
HC02_MOE_VC64,Moved; within same county; Margin of Error; HOUSING TENURE - Population 1 year and over in housing units - Householder lived in renter-occupied housing units
HC03_EST_VC64,"Moved; from different county, same state; Estimate; HOUSING TENURE - Population 1 year and over in housing units - Householder lived in renter-occupied housing units"
HC03_MOE_VC64,"Moved; from different county, same state; Margin of Error; HOUSING TENURE - Population 1 year and over in housing units - Householder lived in renter-occupied housing units"
HC04_EST_VC64,Moved; from different state; Estimate; HOUSING TENURE - Population 1 year and over in housing units - Householder lived in renter-occupied housing units
HC04_MOE_VC64,Moved; from different state; Margin of Error; HOUSING TENURE - Population 1 year and over in housing units - Householder lived in renter-occupied housing units
HC05_EST_VC64,Moved; from abroad; Estimate; HOUSING TENURE - Population 1 year and over in housing units - Householder lived in renter-occupied housing units
HC05_MOE_VC64,Moved; from abroad; Margin of Error; HOUSING TENURE - Population 1 year and over in housing units - Householder lived in renter-occupied housing units
HC01_EST_VC66,Total; Estimate; PERCENT IMPUTED - Residence 1 year ago
HC01_MOE_VC66,Total; Margin of Error; PERCENT IMPUTED - Residence 1 year ago
HC02_EST_VC66,Moved; within same county; Estimate; PERCENT IMPUTED - Residence 1 year ago
HC02_MOE_VC66,Moved; within same county; Margin of Error; PERCENT IMPUTED - Residence 1 year ago
HC03_EST_VC66,"Moved; from different county, same state; Estimate; PERCENT IMPUTED - Residence 1 year ago"
HC03_MOE_VC66,"Moved; from different county, same state; Margin of Error; PERCENT IMPUTED - Residence 1 year ago"
HC04_EST_VC66,Moved; from different state; Estimate; PERCENT IMPUTED - Residence 1 year ago
HC04_MOE_VC66,Moved; from different state; Margin of Error; PERCENT IMPUTED - Residence 1 year ago
HC05_EST_VC66,Moved; from abroad; Estimate; PERCENT IMPUTED - Residence 1 year ago
HC05_MOE_VC66,Moved; from abroad; Margin of Error; PERCENT IMPUTED - Residence 1 year ago
