GEO.id,Id
GEO.id2,Id2
GEO.display-label,Geography
HC01_EST_VC02,Total; Estimate; HOUSEHOLDS - Total households
HC01_MOE_VC02,Total; Margin of Error; HOUSEHOLDS - Total households
HC02_EST_VC02,Married-couple family household; Estimate; HOUSEHOLDS - Total households
HC02_MOE_VC02,Married-couple family household; Margin of Error; HOUSEHOLDS - Total households
HC03_EST_VC02,"Male householder, no wife present, family household; Estimate; HOUSEHOLDS - Total households"
HC03_MOE_VC02,"Male householder, no wife present, family household; Margin of Error; HOUSEHOLDS - Total households"
HC04_EST_VC02,"Female householder, no husband present, family household; Estimate; HOUSEHOLDS - Total households"
HC04_MOE_VC02,"Female householder, no husband present, family household; Margin of Error; HOUSEHOLDS - Total households"
HC05_EST_VC02,Nonfamily household; Estimate; HOUSEHOLDS - Total households
HC05_MOE_VC02,Nonfamily household; Margin of Error; HOUSEHOLDS - Total households
HC01_EST_VC03,Total; Estimate; HOUSEHOLDS - Average household size
HC01_MOE_VC03,Total; Margin of Error; HOUSEHOLDS - Average household size
HC02_EST_VC03,Married-couple family household; Estimate; HOUSEHOLDS - Average household size
HC02_MOE_VC03,Married-couple family household; Margin of Error; HOUSEHOLDS - Average household size
HC03_EST_VC03,"Male householder, no wife present, family household; Estimate; HOUSEHOLDS - Average household size"
HC03_MOE_VC03,"Male householder, no wife present, family household; Margin of Error; HOUSEHOLDS - Average household size"
HC04_EST_VC03,"Female householder, no husband present, family household; Estimate; HOUSEHOLDS - Average household size"
HC04_MOE_VC03,"Female householder, no husband present, family household; Margin of Error; HOUSEHOLDS - Average household size"
HC05_EST_VC03,Nonfamily household; Estimate; HOUSEHOLDS - Average household size
HC05_MOE_VC03,Nonfamily household; Margin of Error; HOUSEHOLDS - Average household size
HC01_EST_VC05,Total; Estimate; FAMILIES - Total families
HC01_MOE_VC05,Total; Margin of Error; FAMILIES - Total families
HC02_EST_VC05,Married-couple family household; Estimate; FAMILIES - Total families
HC02_MOE_VC05,Married-couple family household; Margin of Error; FAMILIES - Total families
HC03_EST_VC05,"Male householder, no wife present, family household; Estimate; FAMILIES - Total families"
HC03_MOE_VC05,"Male householder, no wife present, family household; Margin of Error; FAMILIES - Total families"
HC04_EST_VC05,"Female householder, no husband present, family household; Estimate; FAMILIES - Total families"
HC04_MOE_VC05,"Female householder, no husband present, family household; Margin of Error; FAMILIES - Total families"
HC05_EST_VC05,Nonfamily household; Estimate; FAMILIES - Total families
HC05_MOE_VC05,Nonfamily household; Margin of Error; FAMILIES - Total families
HC01_EST_VC06,Total; Estimate; FAMILIES - Average family size
HC01_MOE_VC06,Total; Margin of Error; FAMILIES - Average family size
HC02_EST_VC06,Married-couple family household; Estimate; FAMILIES - Average family size
HC02_MOE_VC06,Married-couple family household; Margin of Error; FAMILIES - Average family size
HC03_EST_VC06,"Male householder, no wife present, family household; Estimate; FAMILIES - Average family size"
HC03_MOE_VC06,"Male householder, no wife present, family household; Margin of Error; FAMILIES - Average family size"
HC04_EST_VC06,"Female householder, no husband present, family household; Estimate; FAMILIES - Average family size"
HC04_MOE_VC06,"Female householder, no husband present, family household; Margin of Error; FAMILIES - Average family size"
HC05_EST_VC06,Nonfamily household; Estimate; FAMILIES - Average family size
HC05_MOE_VC06,Nonfamily household; Margin of Error; FAMILIES - Average family size
HC01_EST_VC08,Total; Estimate; AGE OF OWN CHILDREN - Households with own children under 18 years
HC01_MOE_VC08,Total; Margin of Error; AGE OF OWN CHILDREN - Households with own children under 18 years
HC02_EST_VC08,Married-couple family household; Estimate; AGE OF OWN CHILDREN - Households with own children under 18 years
HC02_MOE_VC08,Married-couple family household; Margin of Error; AGE OF OWN CHILDREN - Households with own children under 18 years
HC03_EST_VC08,"Male householder, no wife present, family household; Estimate; AGE OF OWN CHILDREN - Households with own children under 18 years"
HC03_MOE_VC08,"Male householder, no wife present, family household; Margin of Error; AGE OF OWN CHILDREN - Households with own children under 18 years"
HC04_EST_VC08,"Female householder, no husband present, family household; Estimate; AGE OF OWN CHILDREN - Households with own children under 18 years"
HC04_MOE_VC08,"Female householder, no husband present, family household; Margin of Error; AGE OF OWN CHILDREN - Households with own children under 18 years"
HC05_EST_VC08,Nonfamily household; Estimate; AGE OF OWN CHILDREN - Households with own children under 18 years
HC05_MOE_VC08,Nonfamily household; Margin of Error; AGE OF OWN CHILDREN - Households with own children under 18 years
HC01_EST_VC09,Total; Estimate; AGE OF OWN CHILDREN - Households with own children under 18 years - Under 6 years only
HC01_MOE_VC09,Total; Margin of Error; AGE OF OWN CHILDREN - Households with own children under 18 years - Under 6 years only
HC02_EST_VC09,Married-couple family household; Estimate; AGE OF OWN CHILDREN - Households with own children under 18 years - Under 6 years only
HC02_MOE_VC09,Married-couple family household; Margin of Error; AGE OF OWN CHILDREN - Households with own children under 18 years - Under 6 years only
HC03_EST_VC09,"Male householder, no wife present, family household; Estimate; AGE OF OWN CHILDREN - Households with own children under 18 years - Under 6 years only"
HC03_MOE_VC09,"Male householder, no wife present, family household; Margin of Error; AGE OF OWN CHILDREN - Households with own children under 18 years - Under 6 years only"
HC04_EST_VC09,"Female householder, no husband present, family household; Estimate; AGE OF OWN CHILDREN - Households with own children under 18 years - Under 6 years only"
HC04_MOE_VC09,"Female householder, no husband present, family household; Margin of Error; AGE OF OWN CHILDREN - Households with own children under 18 years - Under 6 years only"
HC05_EST_VC09,Nonfamily household; Estimate; AGE OF OWN CHILDREN - Households with own children under 18 years - Under 6 years only
HC05_MOE_VC09,Nonfamily household; Margin of Error; AGE OF OWN CHILDREN - Households with own children under 18 years - Under 6 years only
HC01_EST_VC10,Total; Estimate; AGE OF OWN CHILDREN - Households with own children under 18 years - Under 6 years and 6 to 17 years
HC01_MOE_VC10,Total; Margin of Error; AGE OF OWN CHILDREN - Households with own children under 18 years - Under 6 years and 6 to 17 years
HC02_EST_VC10,Married-couple family household; Estimate; AGE OF OWN CHILDREN - Households with own children under 18 years - Under 6 years and 6 to 17 years
HC02_MOE_VC10,Married-couple family household; Margin of Error; AGE OF OWN CHILDREN - Households with own children under 18 years - Under 6 years and 6 to 17 years
HC03_EST_VC10,"Male householder, no wife present, family household; Estimate; AGE OF OWN CHILDREN - Households with own children under 18 years - Under 6 years and 6 to 17 years"
HC03_MOE_VC10,"Male householder, no wife present, family household; Margin of Error; AGE OF OWN CHILDREN - Households with own children under 18 years - Under 6 years and 6 to 17 years"
HC04_EST_VC10,"Female householder, no husband present, family household; Estimate; AGE OF OWN CHILDREN - Households with own children under 18 years - Under 6 years and 6 to 17 years"
HC04_MOE_VC10,"Female householder, no husband present, family household; Margin of Error; AGE OF OWN CHILDREN - Households with own children under 18 years - Under 6 years and 6 to 17 years"
HC05_EST_VC10,Nonfamily household; Estimate; AGE OF OWN CHILDREN - Households with own children under 18 years - Under 6 years and 6 to 17 years
HC05_MOE_VC10,Nonfamily household; Margin of Error; AGE OF OWN CHILDREN - Households with own children under 18 years - Under 6 years and 6 to 17 years
HC01_EST_VC11,Total; Estimate; AGE OF OWN CHILDREN - Households with own children under 18 years - 6 to 17 years only
HC01_MOE_VC11,Total; Margin of Error; AGE OF OWN CHILDREN - Households with own children under 18 years - 6 to 17 years only
HC02_EST_VC11,Married-couple family household; Estimate; AGE OF OWN CHILDREN - Households with own children under 18 years - 6 to 17 years only
HC02_MOE_VC11,Married-couple family household; Margin of Error; AGE OF OWN CHILDREN - Households with own children under 18 years - 6 to 17 years only
HC03_EST_VC11,"Male householder, no wife present, family household; Estimate; AGE OF OWN CHILDREN - Households with own children under 18 years - 6 to 17 years only"
HC03_MOE_VC11,"Male householder, no wife present, family household; Margin of Error; AGE OF OWN CHILDREN - Households with own children under 18 years - 6 to 17 years only"
HC04_EST_VC11,"Female householder, no husband present, family household; Estimate; AGE OF OWN CHILDREN - Households with own children under 18 years - 6 to 17 years only"
HC04_MOE_VC11,"Female householder, no husband present, family household; Margin of Error; AGE OF OWN CHILDREN - Households with own children under 18 years - 6 to 17 years only"
HC05_EST_VC11,Nonfamily household; Estimate; AGE OF OWN CHILDREN - Households with own children under 18 years - 6 to 17 years only
HC05_MOE_VC11,Nonfamily household; Margin of Error; AGE OF OWN CHILDREN - Households with own children under 18 years - 6 to 17 years only
HC01_EST_VC12,Total; Estimate; Total households
HC01_MOE_VC12,Total; Margin of Error; Total households
HC02_EST_VC12,Married-couple family household; Estimate; Total households
HC02_MOE_VC12,Married-couple family household; Margin of Error; Total households
HC03_EST_VC12,"Male householder, no wife present, family household; Estimate; Total households"
HC03_MOE_VC12,"Male householder, no wife present, family household; Margin of Error; Total households"
HC04_EST_VC12,"Female householder, no husband present, family household; Estimate; Total households"
HC04_MOE_VC12,"Female householder, no husband present, family household; Margin of Error; Total households"
HC05_EST_VC12,Nonfamily household; Estimate; Total households
HC05_MOE_VC12,Nonfamily household; Margin of Error; Total households
HC01_EST_VC14,Total; Estimate; Total households - SELECTED HOUSEHOLDS BY TYPE - Households with one or more people under 18 years
HC01_MOE_VC14,Total; Margin of Error; Total households - SELECTED HOUSEHOLDS BY TYPE - Households with one or more people under 18 years
HC02_EST_VC14,Married-couple family household; Estimate; Total households - SELECTED HOUSEHOLDS BY TYPE - Households with one or more people under 18 years
HC02_MOE_VC14,Married-couple family household; Margin of Error; Total households - SELECTED HOUSEHOLDS BY TYPE - Households with one or more people under 18 years
HC03_EST_VC14,"Male householder, no wife present, family household; Estimate; Total households - SELECTED HOUSEHOLDS BY TYPE - Households with one or more people under 18 years"
HC03_MOE_VC14,"Male householder, no wife present, family household; Margin of Error; Total households - SELECTED HOUSEHOLDS BY TYPE - Households with one or more people under 18 years"
HC04_EST_VC14,"Female householder, no husband present, family household; Estimate; Total households - SELECTED HOUSEHOLDS BY TYPE - Households with one or more people under 18 years"
HC04_MOE_VC14,"Female householder, no husband present, family household; Margin of Error; Total households - SELECTED HOUSEHOLDS BY TYPE - Households with one or more people under 18 years"
HC05_EST_VC14,Nonfamily household; Estimate; Total households - SELECTED HOUSEHOLDS BY TYPE - Households with one or more people under 18 years
HC05_MOE_VC14,Nonfamily household; Margin of Error; Total households - SELECTED HOUSEHOLDS BY TYPE - Households with one or more people under 18 years
HC01_EST_VC15,Total; Estimate; Total households - SELECTED HOUSEHOLDS BY TYPE - Households with one or more people 60 years and over
HC01_MOE_VC15,Total; Margin of Error; Total households - SELECTED HOUSEHOLDS BY TYPE - Households with one or more people 60 years and over
HC02_EST_VC15,Married-couple family household; Estimate; Total households - SELECTED HOUSEHOLDS BY TYPE - Households with one or more people 60 years and over
HC02_MOE_VC15,Married-couple family household; Margin of Error; Total households - SELECTED HOUSEHOLDS BY TYPE - Households with one or more people 60 years and over
HC03_EST_VC15,"Male householder, no wife present, family household; Estimate; Total households - SELECTED HOUSEHOLDS BY TYPE - Households with one or more people 60 years and over"
HC03_MOE_VC15,"Male householder, no wife present, family household; Margin of Error; Total households - SELECTED HOUSEHOLDS BY TYPE - Households with one or more people 60 years and over"
HC04_EST_VC15,"Female householder, no husband present, family household; Estimate; Total households - SELECTED HOUSEHOLDS BY TYPE - Households with one or more people 60 years and over"
HC04_MOE_VC15,"Female householder, no husband present, family household; Margin of Error; Total households - SELECTED HOUSEHOLDS BY TYPE - Households with one or more people 60 years and over"
HC05_EST_VC15,Nonfamily household; Estimate; Total households - SELECTED HOUSEHOLDS BY TYPE - Households with one or more people 60 years and over
HC05_MOE_VC15,Nonfamily household; Margin of Error; Total households - SELECTED HOUSEHOLDS BY TYPE - Households with one or more people 60 years and over
HC01_EST_VC16,Total; Estimate; Total households - SELECTED HOUSEHOLDS BY TYPE - Householder living alone
HC01_MOE_VC16,Total; Margin of Error; Total households - SELECTED HOUSEHOLDS BY TYPE - Householder living alone
HC02_EST_VC16,Married-couple family household; Estimate; Total households - SELECTED HOUSEHOLDS BY TYPE - Householder living alone
HC02_MOE_VC16,Married-couple family household; Margin of Error; Total households - SELECTED HOUSEHOLDS BY TYPE - Householder living alone
HC03_EST_VC16,"Male householder, no wife present, family household; Estimate; Total households - SELECTED HOUSEHOLDS BY TYPE - Householder living alone"
HC03_MOE_VC16,"Male householder, no wife present, family household; Margin of Error; Total households - SELECTED HOUSEHOLDS BY TYPE - Householder living alone"
HC04_EST_VC16,"Female householder, no husband present, family household; Estimate; Total households - SELECTED HOUSEHOLDS BY TYPE - Householder living alone"
HC04_MOE_VC16,"Female householder, no husband present, family household; Margin of Error; Total households - SELECTED HOUSEHOLDS BY TYPE - Householder living alone"
HC05_EST_VC16,Nonfamily household; Estimate; Total households - SELECTED HOUSEHOLDS BY TYPE - Householder living alone
HC05_MOE_VC16,Nonfamily household; Margin of Error; Total households - SELECTED HOUSEHOLDS BY TYPE - Householder living alone
HC01_EST_VC17,Total; Estimate; Total households - SELECTED HOUSEHOLDS BY TYPE - Householder living alone - 65 years and over
HC01_MOE_VC17,Total; Margin of Error; Total households - SELECTED HOUSEHOLDS BY TYPE - Householder living alone - 65 years and over
HC02_EST_VC17,Married-couple family household; Estimate; Total households - SELECTED HOUSEHOLDS BY TYPE - Householder living alone - 65 years and over
HC02_MOE_VC17,Married-couple family household; Margin of Error; Total households - SELECTED HOUSEHOLDS BY TYPE - Householder living alone - 65 years and over
HC03_EST_VC17,"Male householder, no wife present, family household; Estimate; Total households - SELECTED HOUSEHOLDS BY TYPE - Householder living alone - 65 years and over"
HC03_MOE_VC17,"Male householder, no wife present, family household; Margin of Error; Total households - SELECTED HOUSEHOLDS BY TYPE - Householder living alone - 65 years and over"
HC04_EST_VC17,"Female householder, no husband present, family household; Estimate; Total households - SELECTED HOUSEHOLDS BY TYPE - Householder living alone - 65 years and over"
HC04_MOE_VC17,"Female householder, no husband present, family household; Margin of Error; Total households - SELECTED HOUSEHOLDS BY TYPE - Householder living alone - 65 years and over"
HC05_EST_VC17,Nonfamily household; Estimate; Total households - SELECTED HOUSEHOLDS BY TYPE - Householder living alone - 65 years and over
HC05_MOE_VC17,Nonfamily household; Margin of Error; Total households - SELECTED HOUSEHOLDS BY TYPE - Householder living alone - 65 years and over
HC01_EST_VC19,Total; Estimate; Total households - UNMARRIED-PARTNER HOUSEHOLDS - Same sex
HC01_MOE_VC19,Total; Margin of Error; Total households - UNMARRIED-PARTNER HOUSEHOLDS - Same sex
HC02_EST_VC19,Married-couple family household; Estimate; Total households - UNMARRIED-PARTNER HOUSEHOLDS - Same sex
HC02_MOE_VC19,Married-couple family household; Margin of Error; Total households - UNMARRIED-PARTNER HOUSEHOLDS - Same sex
HC03_EST_VC19,"Male householder, no wife present, family household; Estimate; Total households - UNMARRIED-PARTNER HOUSEHOLDS - Same sex"
HC03_MOE_VC19,"Male householder, no wife present, family household; Margin of Error; Total households - UNMARRIED-PARTNER HOUSEHOLDS - Same sex"
HC04_EST_VC19,"Female householder, no husband present, family household; Estimate; Total households - UNMARRIED-PARTNER HOUSEHOLDS - Same sex"
HC04_MOE_VC19,"Female householder, no husband present, family household; Margin of Error; Total households - UNMARRIED-PARTNER HOUSEHOLDS - Same sex"
HC05_EST_VC19,Nonfamily household; Estimate; Total households - UNMARRIED-PARTNER HOUSEHOLDS - Same sex
HC05_MOE_VC19,Nonfamily household; Margin of Error; Total households - UNMARRIED-PARTNER HOUSEHOLDS - Same sex
HC01_EST_VC20,Total; Estimate; Total households - UNMARRIED-PARTNER HOUSEHOLDS - Opposite sex
HC01_MOE_VC20,Total; Margin of Error; Total households - UNMARRIED-PARTNER HOUSEHOLDS - Opposite sex
HC02_EST_VC20,Married-couple family household; Estimate; Total households - UNMARRIED-PARTNER HOUSEHOLDS - Opposite sex
HC02_MOE_VC20,Married-couple family household; Margin of Error; Total households - UNMARRIED-PARTNER HOUSEHOLDS - Opposite sex
HC03_EST_VC20,"Male householder, no wife present, family household; Estimate; Total households - UNMARRIED-PARTNER HOUSEHOLDS - Opposite sex"
HC03_MOE_VC20,"Male householder, no wife present, family household; Margin of Error; Total households - UNMARRIED-PARTNER HOUSEHOLDS - Opposite sex"
HC04_EST_VC20,"Female householder, no husband present, family household; Estimate; Total households - UNMARRIED-PARTNER HOUSEHOLDS - Opposite sex"
HC04_MOE_VC20,"Female householder, no husband present, family household; Margin of Error; Total households - UNMARRIED-PARTNER HOUSEHOLDS - Opposite sex"
HC05_EST_VC20,Nonfamily household; Estimate; Total households - UNMARRIED-PARTNER HOUSEHOLDS - Opposite sex
HC05_MOE_VC20,Nonfamily household; Margin of Error; Total households - UNMARRIED-PARTNER HOUSEHOLDS - Opposite sex
HC01_EST_VC22,Total; Estimate; Total households - UNITS IN STRUCTURE - 1-unit structures
HC01_MOE_VC22,Total; Margin of Error; Total households - UNITS IN STRUCTURE - 1-unit structures
HC02_EST_VC22,Married-couple family household; Estimate; Total households - UNITS IN STRUCTURE - 1-unit structures
HC02_MOE_VC22,Married-couple family household; Margin of Error; Total households - UNITS IN STRUCTURE - 1-unit structures
HC03_EST_VC22,"Male householder, no wife present, family household; Estimate; Total households - UNITS IN STRUCTURE - 1-unit structures"
HC03_MOE_VC22,"Male householder, no wife present, family household; Margin of Error; Total households - UNITS IN STRUCTURE - 1-unit structures"
HC04_EST_VC22,"Female householder, no husband present, family household; Estimate; Total households - UNITS IN STRUCTURE - 1-unit structures"
HC04_MOE_VC22,"Female householder, no husband present, family household; Margin of Error; Total households - UNITS IN STRUCTURE - 1-unit structures"
HC05_EST_VC22,Nonfamily household; Estimate; Total households - UNITS IN STRUCTURE - 1-unit structures
HC05_MOE_VC22,Nonfamily household; Margin of Error; Total households - UNITS IN STRUCTURE - 1-unit structures
HC01_EST_VC23,Total; Estimate; Total households - UNITS IN STRUCTURE - 2-or-more-unit structures
HC01_MOE_VC23,Total; Margin of Error; Total households - UNITS IN STRUCTURE - 2-or-more-unit structures
HC02_EST_VC23,Married-couple family household; Estimate; Total households - UNITS IN STRUCTURE - 2-or-more-unit structures
HC02_MOE_VC23,Married-couple family household; Margin of Error; Total households - UNITS IN STRUCTURE - 2-or-more-unit structures
HC03_EST_VC23,"Male householder, no wife present, family household; Estimate; Total households - UNITS IN STRUCTURE - 2-or-more-unit structures"
HC03_MOE_VC23,"Male householder, no wife present, family household; Margin of Error; Total households - UNITS IN STRUCTURE - 2-or-more-unit structures"
HC04_EST_VC23,"Female householder, no husband present, family household; Estimate; Total households - UNITS IN STRUCTURE - 2-or-more-unit structures"
HC04_MOE_VC23,"Female householder, no husband present, family household; Margin of Error; Total households - UNITS IN STRUCTURE - 2-or-more-unit structures"
HC05_EST_VC23,Nonfamily household; Estimate; Total households - UNITS IN STRUCTURE - 2-or-more-unit structures
HC05_MOE_VC23,Nonfamily household; Margin of Error; Total households - UNITS IN STRUCTURE - 2-or-more-unit structures
HC01_EST_VC24,Total; Estimate; Total households - UNITS IN STRUCTURE - Mobile homes and all other types of units
HC01_MOE_VC24,Total; Margin of Error; Total households - UNITS IN STRUCTURE - Mobile homes and all other types of units
HC02_EST_VC24,Married-couple family household; Estimate; Total households - UNITS IN STRUCTURE - Mobile homes and all other types of units
HC02_MOE_VC24,Married-couple family household; Margin of Error; Total households - UNITS IN STRUCTURE - Mobile homes and all other types of units
HC03_EST_VC24,"Male householder, no wife present, family household; Estimate; Total households - UNITS IN STRUCTURE - Mobile homes and all other types of units"
HC03_MOE_VC24,"Male householder, no wife present, family household; Margin of Error; Total households - UNITS IN STRUCTURE - Mobile homes and all other types of units"
HC04_EST_VC24,"Female householder, no husband present, family household; Estimate; Total households - UNITS IN STRUCTURE - Mobile homes and all other types of units"
HC04_MOE_VC24,"Female householder, no husband present, family household; Margin of Error; Total households - UNITS IN STRUCTURE - Mobile homes and all other types of units"
HC05_EST_VC24,Nonfamily household; Estimate; Total households - UNITS IN STRUCTURE - Mobile homes and all other types of units
HC05_MOE_VC24,Nonfamily household; Margin of Error; Total households - UNITS IN STRUCTURE - Mobile homes and all other types of units
HC01_EST_VC26,Total; Estimate; Total households - HOUSING TENURE - Owner-occupied housing units
HC01_MOE_VC26,Total; Margin of Error; Total households - HOUSING TENURE - Owner-occupied housing units
HC02_EST_VC26,Married-couple family household; Estimate; Total households - HOUSING TENURE - Owner-occupied housing units
HC02_MOE_VC26,Married-couple family household; Margin of Error; Total households - HOUSING TENURE - Owner-occupied housing units
HC03_EST_VC26,"Male householder, no wife present, family household; Estimate; Total households - HOUSING TENURE - Owner-occupied housing units"
HC03_MOE_VC26,"Male householder, no wife present, family household; Margin of Error; Total households - HOUSING TENURE - Owner-occupied housing units"
HC04_EST_VC26,"Female householder, no husband present, family household; Estimate; Total households - HOUSING TENURE - Owner-occupied housing units"
HC04_MOE_VC26,"Female householder, no husband present, family household; Margin of Error; Total households - HOUSING TENURE - Owner-occupied housing units"
HC05_EST_VC26,Nonfamily household; Estimate; Total households - HOUSING TENURE - Owner-occupied housing units
HC05_MOE_VC26,Nonfamily household; Margin of Error; Total households - HOUSING TENURE - Owner-occupied housing units
HC01_EST_VC27,Total; Estimate; Total households - HOUSING TENURE - Renter-occupied housing units
HC01_MOE_VC27,Total; Margin of Error; Total households - HOUSING TENURE - Renter-occupied housing units
HC02_EST_VC27,Married-couple family household; Estimate; Total households - HOUSING TENURE - Renter-occupied housing units
HC02_MOE_VC27,Married-couple family household; Margin of Error; Total households - HOUSING TENURE - Renter-occupied housing units
HC03_EST_VC27,"Male householder, no wife present, family household; Estimate; Total households - HOUSING TENURE - Renter-occupied housing units"
HC03_MOE_VC27,"Male householder, no wife present, family household; Margin of Error; Total households - HOUSING TENURE - Renter-occupied housing units"
HC04_EST_VC27,"Female householder, no husband present, family household; Estimate; Total households - HOUSING TENURE - Renter-occupied housing units"
HC04_MOE_VC27,"Female householder, no husband present, family household; Margin of Error; Total households - HOUSING TENURE - Renter-occupied housing units"
HC05_EST_VC27,Nonfamily household; Estimate; Total households - HOUSING TENURE - Renter-occupied housing units
HC05_MOE_VC27,Nonfamily household; Margin of Error; Total households - HOUSING TENURE - Renter-occupied housing units
