GEO.id,Id
GEO.id2,Id2
GEO.display-label,Geography
HC01_EST_VC01,Total; Estimate; Total population
HC01_MOE_VC01,Total; Margin of Error; Total population
HC02_EST_VC01,Native; born in Puerto Rico; Estimate; Total population
HC02_MOE_VC01,Native; born in Puerto Rico; Margin of Error; Total population
HC03_EST_VC01,Native; born in the U.S.; Estimate; Total population
HC03_MOE_VC01,Native; born in the U.S.; Margin of Error; Total population
HC04_EST_VC01,Native; born outside Puerto Rico and the U.S.; Estimate; Total population
HC04_MOE_VC01,Native; born outside Puerto Rico and the U.S.; Margin of Error; Total population
HC01_EST_VC03,Total; Estimate; AGE - Under 5 years
HC01_MOE_VC03,Total; Margin of Error; AGE - Under 5 years
HC02_EST_VC03,Native; born in Puerto Rico; Estimate; AGE - Under 5 years
HC02_MOE_VC03,Native; born in Puerto Rico; Margin of Error; AGE - Under 5 years
HC03_EST_VC03,Native; born in the U.S.; Estimate; AGE - Under 5 years
HC03_MOE_VC03,Native; born in the U.S.; Margin of Error; AGE - Under 5 years
HC04_EST_VC03,Native; born outside Puerto Rico and the U.S.; Estimate; AGE - Under 5 years
HC04_MOE_VC03,Native; born outside Puerto Rico and the U.S.; Margin of Error; AGE - Under 5 years
HC01_EST_VC04,Total; Estimate; AGE - 5 to 17 years
HC01_MOE_VC04,Total; Margin of Error; AGE - 5 to 17 years
HC02_EST_VC04,Native; born in Puerto Rico; Estimate; AGE - 5 to 17 years
HC02_MOE_VC04,Native; born in Puerto Rico; Margin of Error; AGE - 5 to 17 years
HC03_EST_VC04,Native; born in the U.S.; Estimate; AGE - 5 to 17 years
HC03_MOE_VC04,Native; born in the U.S.; Margin of Error; AGE - 5 to 17 years
HC04_EST_VC04,Native; born outside Puerto Rico and the U.S.; Estimate; AGE - 5 to 17 years
HC04_MOE_VC04,Native; born outside Puerto Rico and the U.S.; Margin of Error; AGE - 5 to 17 years
HC01_EST_VC05,Total; Estimate; AGE - 18 to 24 years
HC01_MOE_VC05,Total; Margin of Error; AGE - 18 to 24 years
HC02_EST_VC05,Native; born in Puerto Rico; Estimate; AGE - 18 to 24 years
HC02_MOE_VC05,Native; born in Puerto Rico; Margin of Error; AGE - 18 to 24 years
HC03_EST_VC05,Native; born in the U.S.; Estimate; AGE - 18 to 24 years
HC03_MOE_VC05,Native; born in the U.S.; Margin of Error; AGE - 18 to 24 years
HC04_EST_VC05,Native; born outside Puerto Rico and the U.S.; Estimate; AGE - 18 to 24 years
HC04_MOE_VC05,Native; born outside Puerto Rico and the U.S.; Margin of Error; AGE - 18 to 24 years
HC01_EST_VC06,Total; Estimate; AGE - 25 to 44 years
HC01_MOE_VC06,Total; Margin of Error; AGE - 25 to 44 years
HC02_EST_VC06,Native; born in Puerto Rico; Estimate; AGE - 25 to 44 years
HC02_MOE_VC06,Native; born in Puerto Rico; Margin of Error; AGE - 25 to 44 years
HC03_EST_VC06,Native; born in the U.S.; Estimate; AGE - 25 to 44 years
HC03_MOE_VC06,Native; born in the U.S.; Margin of Error; AGE - 25 to 44 years
HC04_EST_VC06,Native; born outside Puerto Rico and the U.S.; Estimate; AGE - 25 to 44 years
HC04_MOE_VC06,Native; born outside Puerto Rico and the U.S.; Margin of Error; AGE - 25 to 44 years
HC01_EST_VC07,Total; Estimate; AGE - 45 to 54 years
HC01_MOE_VC07,Total; Margin of Error; AGE - 45 to 54 years
HC02_EST_VC07,Native; born in Puerto Rico; Estimate; AGE - 45 to 54 years
HC02_MOE_VC07,Native; born in Puerto Rico; Margin of Error; AGE - 45 to 54 years
HC03_EST_VC07,Native; born in the U.S.; Estimate; AGE - 45 to 54 years
HC03_MOE_VC07,Native; born in the U.S.; Margin of Error; AGE - 45 to 54 years
HC04_EST_VC07,Native; born outside Puerto Rico and the U.S.; Estimate; AGE - 45 to 54 years
HC04_MOE_VC07,Native; born outside Puerto Rico and the U.S.; Margin of Error; AGE - 45 to 54 years
HC01_EST_VC08,Total; Estimate; AGE - 55 to 64 years
HC01_MOE_VC08,Total; Margin of Error; AGE - 55 to 64 years
HC02_EST_VC08,Native; born in Puerto Rico; Estimate; AGE - 55 to 64 years
HC02_MOE_VC08,Native; born in Puerto Rico; Margin of Error; AGE - 55 to 64 years
HC03_EST_VC08,Native; born in the U.S.; Estimate; AGE - 55 to 64 years
HC03_MOE_VC08,Native; born in the U.S.; Margin of Error; AGE - 55 to 64 years
HC04_EST_VC08,Native; born outside Puerto Rico and the U.S.; Estimate; AGE - 55 to 64 years
HC04_MOE_VC08,Native; born outside Puerto Rico and the U.S.; Margin of Error; AGE - 55 to 64 years
HC01_EST_VC09,Total; Estimate; AGE - 65 to 74 years
HC01_MOE_VC09,Total; Margin of Error; AGE - 65 to 74 years
HC02_EST_VC09,Native; born in Puerto Rico; Estimate; AGE - 65 to 74 years
HC02_MOE_VC09,Native; born in Puerto Rico; Margin of Error; AGE - 65 to 74 years
HC03_EST_VC09,Native; born in the U.S.; Estimate; AGE - 65 to 74 years
HC03_MOE_VC09,Native; born in the U.S.; Margin of Error; AGE - 65 to 74 years
HC04_EST_VC09,Native; born outside Puerto Rico and the U.S.; Estimate; AGE - 65 to 74 years
HC04_MOE_VC09,Native; born outside Puerto Rico and the U.S.; Margin of Error; AGE - 65 to 74 years
HC01_EST_VC10,Total; Estimate; AGE - 75 years and over
HC01_MOE_VC10,Total; Margin of Error; AGE - 75 years and over
HC02_EST_VC10,Native; born in Puerto Rico; Estimate; AGE - 75 years and over
HC02_MOE_VC10,Native; born in Puerto Rico; Margin of Error; AGE - 75 years and over
HC03_EST_VC10,Native; born in the U.S.; Estimate; AGE - 75 years and over
HC03_MOE_VC10,Native; born in the U.S.; Margin of Error; AGE - 75 years and over
HC04_EST_VC10,Native; born outside Puerto Rico and the U.S.; Estimate; AGE - 75 years and over
HC04_MOE_VC10,Native; born outside Puerto Rico and the U.S.; Margin of Error; AGE - 75 years and over
HC01_EST_VC12,Total; Estimate; Median age (years)
HC01_MOE_VC12,Total; Margin of Error; Median age (years)
HC02_EST_VC12,Native; born in Puerto Rico; Estimate; Median age (years)
HC02_MOE_VC12,Native; born in Puerto Rico; Margin of Error; Median age (years)
HC03_EST_VC12,Native; born in the U.S.; Estimate; Median age (years)
HC03_MOE_VC12,Native; born in the U.S.; Margin of Error; Median age (years)
HC04_EST_VC12,Native; born outside Puerto Rico and the U.S.; Estimate; Median age (years)
HC04_MOE_VC12,Native; born outside Puerto Rico and the U.S.; Margin of Error; Median age (years)
HC01_EST_VC15,Total; Estimate; SEX - Male
HC01_MOE_VC15,Total; Margin of Error; SEX - Male
HC02_EST_VC15,Native; born in Puerto Rico; Estimate; SEX - Male
HC02_MOE_VC15,Native; born in Puerto Rico; Margin of Error; SEX - Male
HC03_EST_VC15,Native; born in the U.S.; Estimate; SEX - Male
HC03_MOE_VC15,Native; born in the U.S.; Margin of Error; SEX - Male
HC04_EST_VC15,Native; born outside Puerto Rico and the U.S.; Estimate; SEX - Male
HC04_MOE_VC15,Native; born outside Puerto Rico and the U.S.; Margin of Error; SEX - Male
HC01_EST_VC16,Total; Estimate; SEX - Female
HC01_MOE_VC16,Total; Margin of Error; SEX - Female
HC02_EST_VC16,Native; born in Puerto Rico; Estimate; SEX - Female
HC02_MOE_VC16,Native; born in Puerto Rico; Margin of Error; SEX - Female
HC03_EST_VC16,Native; born in the U.S.; Estimate; SEX - Female
HC03_MOE_VC16,Native; born in the U.S.; Margin of Error; SEX - Female
HC04_EST_VC16,Native; born outside Puerto Rico and the U.S.; Estimate; SEX - Female
HC04_MOE_VC16,Native; born outside Puerto Rico and the U.S.; Margin of Error; SEX - Female
HC01_EST_VC19,Total; Estimate; RACE AND HISPANIC OR LATINO ORIGIN - One race
HC01_MOE_VC19,Total; Margin of Error; RACE AND HISPANIC OR LATINO ORIGIN - One race
HC02_EST_VC19,Native; born in Puerto Rico; Estimate; RACE AND HISPANIC OR LATINO ORIGIN - One race
HC02_MOE_VC19,Native; born in Puerto Rico; Margin of Error; RACE AND HISPANIC OR LATINO ORIGIN - One race
HC03_EST_VC19,Native; born in the U.S.; Estimate; RACE AND HISPANIC OR LATINO ORIGIN - One race
HC03_MOE_VC19,Native; born in the U.S.; Margin of Error; RACE AND HISPANIC OR LATINO ORIGIN - One race
HC04_EST_VC19,Native; born outside Puerto Rico and the U.S.; Estimate; RACE AND HISPANIC OR LATINO ORIGIN - One race
HC04_MOE_VC19,Native; born outside Puerto Rico and the U.S.; Margin of Error; RACE AND HISPANIC OR LATINO ORIGIN - One race
HC01_EST_VC20,Total; Estimate; RACE AND HISPANIC OR LATINO ORIGIN - One race - White
HC01_MOE_VC20,Total; Margin of Error; RACE AND HISPANIC OR LATINO ORIGIN - One race - White
HC02_EST_VC20,Native; born in Puerto Rico; Estimate; RACE AND HISPANIC OR LATINO ORIGIN - One race - White
HC02_MOE_VC20,Native; born in Puerto Rico; Margin of Error; RACE AND HISPANIC OR LATINO ORIGIN - One race - White
HC03_EST_VC20,Native; born in the U.S.; Estimate; RACE AND HISPANIC OR LATINO ORIGIN - One race - White
HC03_MOE_VC20,Native; born in the U.S.; Margin of Error; RACE AND HISPANIC OR LATINO ORIGIN - One race - White
HC04_EST_VC20,Native; born outside Puerto Rico and the U.S.; Estimate; RACE AND HISPANIC OR LATINO ORIGIN - One race - White
HC04_MOE_VC20,Native; born outside Puerto Rico and the U.S.; Margin of Error; RACE AND HISPANIC OR LATINO ORIGIN - One race - White
HC01_EST_VC21,Total; Estimate; RACE AND HISPANIC OR LATINO ORIGIN - One race - Black or African American
HC01_MOE_VC21,Total; Margin of Error; RACE AND HISPANIC OR LATINO ORIGIN - One race - Black or African American
HC02_EST_VC21,Native; born in Puerto Rico; Estimate; RACE AND HISPANIC OR LATINO ORIGIN - One race - Black or African American
HC02_MOE_VC21,Native; born in Puerto Rico; Margin of Error; RACE AND HISPANIC OR LATINO ORIGIN - One race - Black or African American
HC03_EST_VC21,Native; born in the U.S.; Estimate; RACE AND HISPANIC OR LATINO ORIGIN - One race - Black or African American
HC03_MOE_VC21,Native; born in the U.S.; Margin of Error; RACE AND HISPANIC OR LATINO ORIGIN - One race - Black or African American
HC04_EST_VC21,Native; born outside Puerto Rico and the U.S.; Estimate; RACE AND HISPANIC OR LATINO ORIGIN - One race - Black or African American
HC04_MOE_VC21,Native; born outside Puerto Rico and the U.S.; Margin of Error; RACE AND HISPANIC OR LATINO ORIGIN - One race - Black or African American
HC01_EST_VC22,Total; Estimate; RACE AND HISPANIC OR LATINO ORIGIN - One race - American Indian and Alaska Native
HC01_MOE_VC22,Total; Margin of Error; RACE AND HISPANIC OR LATINO ORIGIN - One race - American Indian and Alaska Native
HC02_EST_VC22,Native; born in Puerto Rico; Estimate; RACE AND HISPANIC OR LATINO ORIGIN - One race - American Indian and Alaska Native
HC02_MOE_VC22,Native; born in Puerto Rico; Margin of Error; RACE AND HISPANIC OR LATINO ORIGIN - One race - American Indian and Alaska Native
HC03_EST_VC22,Native; born in the U.S.; Estimate; RACE AND HISPANIC OR LATINO ORIGIN - One race - American Indian and Alaska Native
HC03_MOE_VC22,Native; born in the U.S.; Margin of Error; RACE AND HISPANIC OR LATINO ORIGIN - One race - American Indian and Alaska Native
HC04_EST_VC22,Native; born outside Puerto Rico and the U.S.; Estimate; RACE AND HISPANIC OR LATINO ORIGIN - One race - American Indian and Alaska Native
HC04_MOE_VC22,Native; born outside Puerto Rico and the U.S.; Margin of Error; RACE AND HISPANIC OR LATINO ORIGIN - One race - American Indian and Alaska Native
HC01_EST_VC23,Total; Estimate; RACE AND HISPANIC OR LATINO ORIGIN - One race - Asian
HC01_MOE_VC23,Total; Margin of Error; RACE AND HISPANIC OR LATINO ORIGIN - One race - Asian
HC02_EST_VC23,Native; born in Puerto Rico; Estimate; RACE AND HISPANIC OR LATINO ORIGIN - One race - Asian
HC02_MOE_VC23,Native; born in Puerto Rico; Margin of Error; RACE AND HISPANIC OR LATINO ORIGIN - One race - Asian
HC03_EST_VC23,Native; born in the U.S.; Estimate; RACE AND HISPANIC OR LATINO ORIGIN - One race - Asian
HC03_MOE_VC23,Native; born in the U.S.; Margin of Error; RACE AND HISPANIC OR LATINO ORIGIN - One race - Asian
HC04_EST_VC23,Native; born outside Puerto Rico and the U.S.; Estimate; RACE AND HISPANIC OR LATINO ORIGIN - One race - Asian
HC04_MOE_VC23,Native; born outside Puerto Rico and the U.S.; Margin of Error; RACE AND HISPANIC OR LATINO ORIGIN - One race - Asian
HC01_EST_VC24,Total; Estimate; RACE AND HISPANIC OR LATINO ORIGIN - One race - Native Hawaiian and Other Pacific Islander
HC01_MOE_VC24,Total; Margin of Error; RACE AND HISPANIC OR LATINO ORIGIN - One race - Native Hawaiian and Other Pacific Islander
HC02_EST_VC24,Native; born in Puerto Rico; Estimate; RACE AND HISPANIC OR LATINO ORIGIN - One race - Native Hawaiian and Other Pacific Islander
HC02_MOE_VC24,Native; born in Puerto Rico; Margin of Error; RACE AND HISPANIC OR LATINO ORIGIN - One race - Native Hawaiian and Other Pacific Islander
HC03_EST_VC24,Native; born in the U.S.; Estimate; RACE AND HISPANIC OR LATINO ORIGIN - One race - Native Hawaiian and Other Pacific Islander
HC03_MOE_VC24,Native; born in the U.S.; Margin of Error; RACE AND HISPANIC OR LATINO ORIGIN - One race - Native Hawaiian and Other Pacific Islander
HC04_EST_VC24,Native; born outside Puerto Rico and the U.S.; Estimate; RACE AND HISPANIC OR LATINO ORIGIN - One race - Native Hawaiian and Other Pacific Islander
HC04_MOE_VC24,Native; born outside Puerto Rico and the U.S.; Margin of Error; RACE AND HISPANIC OR LATINO ORIGIN - One race - Native Hawaiian and Other Pacific Islander
HC01_EST_VC25,Total; Estimate; RACE AND HISPANIC OR LATINO ORIGIN - One race - Some other race
HC01_MOE_VC25,Total; Margin of Error; RACE AND HISPANIC OR LATINO ORIGIN - One race - Some other race
HC02_EST_VC25,Native; born in Puerto Rico; Estimate; RACE AND HISPANIC OR LATINO ORIGIN - One race - Some other race
HC02_MOE_VC25,Native; born in Puerto Rico; Margin of Error; RACE AND HISPANIC OR LATINO ORIGIN - One race - Some other race
HC03_EST_VC25,Native; born in the U.S.; Estimate; RACE AND HISPANIC OR LATINO ORIGIN - One race - Some other race
HC03_MOE_VC25,Native; born in the U.S.; Margin of Error; RACE AND HISPANIC OR LATINO ORIGIN - One race - Some other race
HC04_EST_VC25,Native; born outside Puerto Rico and the U.S.; Estimate; RACE AND HISPANIC OR LATINO ORIGIN - One race - Some other race
HC04_MOE_VC25,Native; born outside Puerto Rico and the U.S.; Margin of Error; RACE AND HISPANIC OR LATINO ORIGIN - One race - Some other race
HC01_EST_VC26,Total; Estimate; RACE AND HISPANIC OR LATINO ORIGIN - Two or more races
HC01_MOE_VC26,Total; Margin of Error; RACE AND HISPANIC OR LATINO ORIGIN - Two or more races
HC02_EST_VC26,Native; born in Puerto Rico; Estimate; RACE AND HISPANIC OR LATINO ORIGIN - Two or more races
HC02_MOE_VC26,Native; born in Puerto Rico; Margin of Error; RACE AND HISPANIC OR LATINO ORIGIN - Two or more races
HC03_EST_VC26,Native; born in the U.S.; Estimate; RACE AND HISPANIC OR LATINO ORIGIN - Two or more races
HC03_MOE_VC26,Native; born in the U.S.; Margin of Error; RACE AND HISPANIC OR LATINO ORIGIN - Two or more races
HC04_EST_VC26,Native; born outside Puerto Rico and the U.S.; Estimate; RACE AND HISPANIC OR LATINO ORIGIN - Two or more races
HC04_MOE_VC26,Native; born outside Puerto Rico and the U.S.; Margin of Error; RACE AND HISPANIC OR LATINO ORIGIN - Two or more races
HC01_EST_VC28,Total; Estimate; Hispanic or Latino origin (of any race)
HC01_MOE_VC28,Total; Margin of Error; Hispanic or Latino origin (of any race)
HC02_EST_VC28,Native; born in Puerto Rico; Estimate; Hispanic or Latino origin (of any race)
HC02_MOE_VC28,Native; born in Puerto Rico; Margin of Error; Hispanic or Latino origin (of any race)
HC03_EST_VC28,Native; born in the U.S.; Estimate; Hispanic or Latino origin (of any race)
HC03_MOE_VC28,Native; born in the U.S.; Margin of Error; Hispanic or Latino origin (of any race)
HC04_EST_VC28,Native; born outside Puerto Rico and the U.S.; Estimate; Hispanic or Latino origin (of any race)
HC04_MOE_VC28,Native; born outside Puerto Rico and the U.S.; Margin of Error; Hispanic or Latino origin (of any race)
HC01_EST_VC29,"Total; Estimate; White alone, not Hispanic or Latino"
HC01_MOE_VC29,"Total; Margin of Error; White alone, not Hispanic or Latino"
HC02_EST_VC29,"Native; born in Puerto Rico; Estimate; White alone, not Hispanic or Latino"
HC02_MOE_VC29,"Native; born in Puerto Rico; Margin of Error; White alone, not Hispanic or Latino"
HC03_EST_VC29,"Native; born in the U.S.; Estimate; White alone, not Hispanic or Latino"
HC03_MOE_VC29,"Native; born in the U.S.; Margin of Error; White alone, not Hispanic or Latino"
HC04_EST_VC29,"Native; born outside Puerto Rico and the U.S.; Estimate; White alone, not Hispanic or Latino"
HC04_MOE_VC29,"Native; born outside Puerto Rico and the U.S.; Margin of Error; White alone, not Hispanic or Latino"
HC01_EST_VC33,Total; Estimate; LANGUAGE SPOKEN AT HOME AND ABILITY TO SPEAK ENGLISH - Population 5 years and over
HC01_MOE_VC33,Total; Margin of Error; LANGUAGE SPOKEN AT HOME AND ABILITY TO SPEAK ENGLISH - Population 5 years and over
HC02_EST_VC33,Native; born in Puerto Rico; Estimate; LANGUAGE SPOKEN AT HOME AND ABILITY TO SPEAK ENGLISH - Population 5 years and over
HC02_MOE_VC33,Native; born in Puerto Rico; Margin of Error; LANGUAGE SPOKEN AT HOME AND ABILITY TO SPEAK ENGLISH - Population 5 years and over
HC03_EST_VC33,Native; born in the U.S.; Estimate; LANGUAGE SPOKEN AT HOME AND ABILITY TO SPEAK ENGLISH - Population 5 years and over
HC03_MOE_VC33,Native; born in the U.S.; Margin of Error; LANGUAGE SPOKEN AT HOME AND ABILITY TO SPEAK ENGLISH - Population 5 years and over
HC04_EST_VC33,Native; born outside Puerto Rico and the U.S.; Estimate; LANGUAGE SPOKEN AT HOME AND ABILITY TO SPEAK ENGLISH - Population 5 years and over
HC04_MOE_VC33,Native; born outside Puerto Rico and the U.S.; Margin of Error; LANGUAGE SPOKEN AT HOME AND ABILITY TO SPEAK ENGLISH - Population 5 years and over
HC01_EST_VC34,Total; Estimate; LANGUAGE SPOKEN AT HOME AND ABILITY TO SPEAK ENGLISH - Speak language other than English
HC01_MOE_VC34,Total; Margin of Error; LANGUAGE SPOKEN AT HOME AND ABILITY TO SPEAK ENGLISH - Speak language other than English
HC02_EST_VC34,Native; born in Puerto Rico; Estimate; LANGUAGE SPOKEN AT HOME AND ABILITY TO SPEAK ENGLISH - Speak language other than English
HC02_MOE_VC34,Native; born in Puerto Rico; Margin of Error; LANGUAGE SPOKEN AT HOME AND ABILITY TO SPEAK ENGLISH - Speak language other than English
HC03_EST_VC34,Native; born in the U.S.; Estimate; LANGUAGE SPOKEN AT HOME AND ABILITY TO SPEAK ENGLISH - Speak language other than English
HC03_MOE_VC34,Native; born in the U.S.; Margin of Error; LANGUAGE SPOKEN AT HOME AND ABILITY TO SPEAK ENGLISH - Speak language other than English
HC04_EST_VC34,Native; born outside Puerto Rico and the U.S.; Estimate; LANGUAGE SPOKEN AT HOME AND ABILITY TO SPEAK ENGLISH - Speak language other than English
HC04_MOE_VC34,Native; born outside Puerto Rico and the U.S.; Margin of Error; LANGUAGE SPOKEN AT HOME AND ABILITY TO SPEAK ENGLISH - Speak language other than English
HC01_EST_VC35,"Total; Estimate; LANGUAGE SPOKEN AT HOME AND ABILITY TO SPEAK ENGLISH - Speak language other than English - Speak English ""very well"""
HC01_MOE_VC35,"Total; Margin of Error; LANGUAGE SPOKEN AT HOME AND ABILITY TO SPEAK ENGLISH - Speak language other than English - Speak English ""very well"""
HC02_EST_VC35,"Native; born in Puerto Rico; Estimate; LANGUAGE SPOKEN AT HOME AND ABILITY TO SPEAK ENGLISH - Speak language other than English - Speak English ""very well"""
HC02_MOE_VC35,"Native; born in Puerto Rico; Margin of Error; LANGUAGE SPOKEN AT HOME AND ABILITY TO SPEAK ENGLISH - Speak language other than English - Speak English ""very well"""
HC03_EST_VC35,"Native; born in the U.S.; Estimate; LANGUAGE SPOKEN AT HOME AND ABILITY TO SPEAK ENGLISH - Speak language other than English - Speak English ""very well"""
HC03_MOE_VC35,"Native; born in the U.S.; Margin of Error; LANGUAGE SPOKEN AT HOME AND ABILITY TO SPEAK ENGLISH - Speak language other than English - Speak English ""very well"""
HC04_EST_VC35,"Native; born outside Puerto Rico and the U.S.; Estimate; LANGUAGE SPOKEN AT HOME AND ABILITY TO SPEAK ENGLISH - Speak language other than English - Speak English ""very well"""
HC04_MOE_VC35,"Native; born outside Puerto Rico and the U.S.; Margin of Error; LANGUAGE SPOKEN AT HOME AND ABILITY TO SPEAK ENGLISH - Speak language other than English - Speak English ""very well"""
HC01_EST_VC36,"Total; Estimate; LANGUAGE SPOKEN AT HOME AND ABILITY TO SPEAK ENGLISH - Speak language other than English - Speak English less than ""very well"""
HC01_MOE_VC36,"Total; Margin of Error; LANGUAGE SPOKEN AT HOME AND ABILITY TO SPEAK ENGLISH - Speak language other than English - Speak English less than ""very well"""
HC02_EST_VC36,"Native; born in Puerto Rico; Estimate; LANGUAGE SPOKEN AT HOME AND ABILITY TO SPEAK ENGLISH - Speak language other than English - Speak English less than ""very well"""
HC02_MOE_VC36,"Native; born in Puerto Rico; Margin of Error; LANGUAGE SPOKEN AT HOME AND ABILITY TO SPEAK ENGLISH - Speak language other than English - Speak English less than ""very well"""
HC03_EST_VC36,"Native; born in the U.S.; Estimate; LANGUAGE SPOKEN AT HOME AND ABILITY TO SPEAK ENGLISH - Speak language other than English - Speak English less than ""very well"""
HC03_MOE_VC36,"Native; born in the U.S.; Margin of Error; LANGUAGE SPOKEN AT HOME AND ABILITY TO SPEAK ENGLISH - Speak language other than English - Speak English less than ""very well"""
HC04_EST_VC36,"Native; born outside Puerto Rico and the U.S.; Estimate; LANGUAGE SPOKEN AT HOME AND ABILITY TO SPEAK ENGLISH - Speak language other than English - Speak English less than ""very well"""
HC04_MOE_VC36,"Native; born outside Puerto Rico and the U.S.; Margin of Error; LANGUAGE SPOKEN AT HOME AND ABILITY TO SPEAK ENGLISH - Speak language other than English - Speak English less than ""very well"""
HC01_EST_VC40,Total; Estimate; MARITAL STATUS - Population 15 years and over
HC01_MOE_VC40,Total; Margin of Error; MARITAL STATUS - Population 15 years and over
HC02_EST_VC40,Native; born in Puerto Rico; Estimate; MARITAL STATUS - Population 15 years and over
HC02_MOE_VC40,Native; born in Puerto Rico; Margin of Error; MARITAL STATUS - Population 15 years and over
HC03_EST_VC40,Native; born in the U.S.; Estimate; MARITAL STATUS - Population 15 years and over
HC03_MOE_VC40,Native; born in the U.S.; Margin of Error; MARITAL STATUS - Population 15 years and over
HC04_EST_VC40,Native; born outside Puerto Rico and the U.S.; Estimate; MARITAL STATUS - Population 15 years and over
HC04_MOE_VC40,Native; born outside Puerto Rico and the U.S.; Margin of Error; MARITAL STATUS - Population 15 years and over
HC01_EST_VC41,Total; Estimate; MARITAL STATUS - Never married
HC01_MOE_VC41,Total; Margin of Error; MARITAL STATUS - Never married
HC02_EST_VC41,Native; born in Puerto Rico; Estimate; MARITAL STATUS - Never married
HC02_MOE_VC41,Native; born in Puerto Rico; Margin of Error; MARITAL STATUS - Never married
HC03_EST_VC41,Native; born in the U.S.; Estimate; MARITAL STATUS - Never married
HC03_MOE_VC41,Native; born in the U.S.; Margin of Error; MARITAL STATUS - Never married
HC04_EST_VC41,Native; born outside Puerto Rico and the U.S.; Estimate; MARITAL STATUS - Never married
HC04_MOE_VC41,Native; born outside Puerto Rico and the U.S.; Margin of Error; MARITAL STATUS - Never married
HC01_EST_VC42,"Total; Estimate; MARITAL STATUS - Now married, except separated"
HC01_MOE_VC42,"Total; Margin of Error; MARITAL STATUS - Now married, except separated"
HC02_EST_VC42,"Native; born in Puerto Rico; Estimate; MARITAL STATUS - Now married, except separated"
HC02_MOE_VC42,"Native; born in Puerto Rico; Margin of Error; MARITAL STATUS - Now married, except separated"
HC03_EST_VC42,"Native; born in the U.S.; Estimate; MARITAL STATUS - Now married, except separated"
HC03_MOE_VC42,"Native; born in the U.S.; Margin of Error; MARITAL STATUS - Now married, except separated"
HC04_EST_VC42,"Native; born outside Puerto Rico and the U.S.; Estimate; MARITAL STATUS - Now married, except separated"
HC04_MOE_VC42,"Native; born outside Puerto Rico and the U.S.; Margin of Error; MARITAL STATUS - Now married, except separated"
HC01_EST_VC43,Total; Estimate; MARITAL STATUS - Divorced or separated
HC01_MOE_VC43,Total; Margin of Error; MARITAL STATUS - Divorced or separated
HC02_EST_VC43,Native; born in Puerto Rico; Estimate; MARITAL STATUS - Divorced or separated
HC02_MOE_VC43,Native; born in Puerto Rico; Margin of Error; MARITAL STATUS - Divorced or separated
HC03_EST_VC43,Native; born in the U.S.; Estimate; MARITAL STATUS - Divorced or separated
HC03_MOE_VC43,Native; born in the U.S.; Margin of Error; MARITAL STATUS - Divorced or separated
HC04_EST_VC43,Native; born outside Puerto Rico and the U.S.; Estimate; MARITAL STATUS - Divorced or separated
HC04_MOE_VC43,Native; born outside Puerto Rico and the U.S.; Margin of Error; MARITAL STATUS - Divorced or separated
HC01_EST_VC44,Total; Estimate; MARITAL STATUS - Widowed
HC01_MOE_VC44,Total; Margin of Error; MARITAL STATUS - Widowed
HC02_EST_VC44,Native; born in Puerto Rico; Estimate; MARITAL STATUS - Widowed
HC02_MOE_VC44,Native; born in Puerto Rico; Margin of Error; MARITAL STATUS - Widowed
HC03_EST_VC44,Native; born in the U.S.; Estimate; MARITAL STATUS - Widowed
HC03_MOE_VC44,Native; born in the U.S.; Margin of Error; MARITAL STATUS - Widowed
HC04_EST_VC44,Native; born outside Puerto Rico and the U.S.; Estimate; MARITAL STATUS - Widowed
HC04_MOE_VC44,Native; born outside Puerto Rico and the U.S.; Margin of Error; MARITAL STATUS - Widowed
HC01_EST_VC48,Total; Estimate; EDUCATIONAL ATTAINMENT - Population 25 years and over
HC01_MOE_VC48,Total; Margin of Error; EDUCATIONAL ATTAINMENT - Population 25 years and over
HC02_EST_VC48,Native; born in Puerto Rico; Estimate; EDUCATIONAL ATTAINMENT - Population 25 years and over
HC02_MOE_VC48,Native; born in Puerto Rico; Margin of Error; EDUCATIONAL ATTAINMENT - Population 25 years and over
HC03_EST_VC48,Native; born in the U.S.; Estimate; EDUCATIONAL ATTAINMENT - Population 25 years and over
HC03_MOE_VC48,Native; born in the U.S.; Margin of Error; EDUCATIONAL ATTAINMENT - Population 25 years and over
HC04_EST_VC48,Native; born outside Puerto Rico and the U.S.; Estimate; EDUCATIONAL ATTAINMENT - Population 25 years and over
HC04_MOE_VC48,Native; born outside Puerto Rico and the U.S.; Margin of Error; EDUCATIONAL ATTAINMENT - Population 25 years and over
HC01_EST_VC49,Total; Estimate; EDUCATIONAL ATTAINMENT - Less than high school graduate
HC01_MOE_VC49,Total; Margin of Error; EDUCATIONAL ATTAINMENT - Less than high school graduate
HC02_EST_VC49,Native; born in Puerto Rico; Estimate; EDUCATIONAL ATTAINMENT - Less than high school graduate
HC02_MOE_VC49,Native; born in Puerto Rico; Margin of Error; EDUCATIONAL ATTAINMENT - Less than high school graduate
HC03_EST_VC49,Native; born in the U.S.; Estimate; EDUCATIONAL ATTAINMENT - Less than high school graduate
HC03_MOE_VC49,Native; born in the U.S.; Margin of Error; EDUCATIONAL ATTAINMENT - Less than high school graduate
HC04_EST_VC49,Native; born outside Puerto Rico and the U.S.; Estimate; EDUCATIONAL ATTAINMENT - Less than high school graduate
HC04_MOE_VC49,Native; born outside Puerto Rico and the U.S.; Margin of Error; EDUCATIONAL ATTAINMENT - Less than high school graduate
HC01_EST_VC50,Total; Estimate; EDUCATIONAL ATTAINMENT - High school graduate (includes equivalency)
HC01_MOE_VC50,Total; Margin of Error; EDUCATIONAL ATTAINMENT - High school graduate (includes equivalency)
HC02_EST_VC50,Native; born in Puerto Rico; Estimate; EDUCATIONAL ATTAINMENT - High school graduate (includes equivalency)
HC02_MOE_VC50,Native; born in Puerto Rico; Margin of Error; EDUCATIONAL ATTAINMENT - High school graduate (includes equivalency)
HC03_EST_VC50,Native; born in the U.S.; Estimate; EDUCATIONAL ATTAINMENT - High school graduate (includes equivalency)
HC03_MOE_VC50,Native; born in the U.S.; Margin of Error; EDUCATIONAL ATTAINMENT - High school graduate (includes equivalency)
HC04_EST_VC50,Native; born outside Puerto Rico and the U.S.; Estimate; EDUCATIONAL ATTAINMENT - High school graduate (includes equivalency)
HC04_MOE_VC50,Native; born outside Puerto Rico and the U.S.; Margin of Error; EDUCATIONAL ATTAINMENT - High school graduate (includes equivalency)
HC01_EST_VC51,Total; Estimate; EDUCATIONAL ATTAINMENT - Some college or associate's degree
HC01_MOE_VC51,Total; Margin of Error; EDUCATIONAL ATTAINMENT - Some college or associate's degree
HC02_EST_VC51,Native; born in Puerto Rico; Estimate; EDUCATIONAL ATTAINMENT - Some college or associate's degree
HC02_MOE_VC51,Native; born in Puerto Rico; Margin of Error; EDUCATIONAL ATTAINMENT - Some college or associate's degree
HC03_EST_VC51,Native; born in the U.S.; Estimate; EDUCATIONAL ATTAINMENT - Some college or associate's degree
HC03_MOE_VC51,Native; born in the U.S.; Margin of Error; EDUCATIONAL ATTAINMENT - Some college or associate's degree
HC04_EST_VC51,Native; born outside Puerto Rico and the U.S.; Estimate; EDUCATIONAL ATTAINMENT - Some college or associate's degree
HC04_MOE_VC51,Native; born outside Puerto Rico and the U.S.; Margin of Error; EDUCATIONAL ATTAINMENT - Some college or associate's degree
HC01_EST_VC52,Total; Estimate; EDUCATIONAL ATTAINMENT - Bachelor's degree
HC01_MOE_VC52,Total; Margin of Error; EDUCATIONAL ATTAINMENT - Bachelor's degree
HC02_EST_VC52,Native; born in Puerto Rico; Estimate; EDUCATIONAL ATTAINMENT - Bachelor's degree
HC02_MOE_VC52,Native; born in Puerto Rico; Margin of Error; EDUCATIONAL ATTAINMENT - Bachelor's degree
HC03_EST_VC52,Native; born in the U.S.; Estimate; EDUCATIONAL ATTAINMENT - Bachelor's degree
HC03_MOE_VC52,Native; born in the U.S.; Margin of Error; EDUCATIONAL ATTAINMENT - Bachelor's degree
HC04_EST_VC52,Native; born outside Puerto Rico and the U.S.; Estimate; EDUCATIONAL ATTAINMENT - Bachelor's degree
HC04_MOE_VC52,Native; born outside Puerto Rico and the U.S.; Margin of Error; EDUCATIONAL ATTAINMENT - Bachelor's degree
HC01_EST_VC53,Total; Estimate; EDUCATIONAL ATTAINMENT - Graduate or professional degree
HC01_MOE_VC53,Total; Margin of Error; EDUCATIONAL ATTAINMENT - Graduate or professional degree
HC02_EST_VC53,Native; born in Puerto Rico; Estimate; EDUCATIONAL ATTAINMENT - Graduate or professional degree
HC02_MOE_VC53,Native; born in Puerto Rico; Margin of Error; EDUCATIONAL ATTAINMENT - Graduate or professional degree
HC03_EST_VC53,Native; born in the U.S.; Estimate; EDUCATIONAL ATTAINMENT - Graduate or professional degree
HC03_MOE_VC53,Native; born in the U.S.; Margin of Error; EDUCATIONAL ATTAINMENT - Graduate or professional degree
HC04_EST_VC53,Native; born outside Puerto Rico and the U.S.; Estimate; EDUCATIONAL ATTAINMENT - Graduate or professional degree
HC04_MOE_VC53,Native; born outside Puerto Rico and the U.S.; Margin of Error; EDUCATIONAL ATTAINMENT - Graduate or professional degree
HC01_EST_VC57,Total; Estimate; INDIVIDUALS' INCOME IN THE PAST 12 MONTHS (IN 2010 INFLATION-ADJUSTED DOLLARS) - Population 15 years and over
HC01_MOE_VC57,Total; Margin of Error; INDIVIDUALS' INCOME IN THE PAST 12 MONTHS (IN 2010 INFLATION-ADJUSTED DOLLARS) - Population 15 years and over
HC02_EST_VC57,Native; born in Puerto Rico; Estimate; INDIVIDUALS' INCOME IN THE PAST 12 MONTHS (IN 2010 INFLATION-ADJUSTED DOLLARS) - Population 15 years and over
HC02_MOE_VC57,Native; born in Puerto Rico; Margin of Error; INDIVIDUALS' INCOME IN THE PAST 12 MONTHS (IN 2010 INFLATION-ADJUSTED DOLLARS) - Population 15 years and over
HC03_EST_VC57,Native; born in the U.S.; Estimate; INDIVIDUALS' INCOME IN THE PAST 12 MONTHS (IN 2010 INFLATION-ADJUSTED DOLLARS) - Population 15 years and over
HC03_MOE_VC57,Native; born in the U.S.; Margin of Error; INDIVIDUALS' INCOME IN THE PAST 12 MONTHS (IN 2010 INFLATION-ADJUSTED DOLLARS) - Population 15 years and over
HC04_EST_VC57,Native; born outside Puerto Rico and the U.S.; Estimate; INDIVIDUALS' INCOME IN THE PAST 12 MONTHS (IN 2010 INFLATION-ADJUSTED DOLLARS) - Population 15 years and over
HC04_MOE_VC57,Native; born outside Puerto Rico and the U.S.; Margin of Error; INDIVIDUALS' INCOME IN THE PAST 12 MONTHS (IN 2010 INFLATION-ADJUSTED DOLLARS) - Population 15 years and over
HC01_EST_VC58,"Total; Estimate; INDIVIDUALS' INCOME IN THE PAST 12 MONTHS (IN 2010 INFLATION-ADJUSTED DOLLARS) - $1 to $9,999 or loss"
HC01_MOE_VC58,"Total; Margin of Error; INDIVIDUALS' INCOME IN THE PAST 12 MONTHS (IN 2010 INFLATION-ADJUSTED DOLLARS) - $1 to $9,999 or loss"
HC02_EST_VC58,"Native; born in Puerto Rico; Estimate; INDIVIDUALS' INCOME IN THE PAST 12 MONTHS (IN 2010 INFLATION-ADJUSTED DOLLARS) - $1 to $9,999 or loss"
HC02_MOE_VC58,"Native; born in Puerto Rico; Margin of Error; INDIVIDUALS' INCOME IN THE PAST 12 MONTHS (IN 2010 INFLATION-ADJUSTED DOLLARS) - $1 to $9,999 or loss"
HC03_EST_VC58,"Native; born in the U.S.; Estimate; INDIVIDUALS' INCOME IN THE PAST 12 MONTHS (IN 2010 INFLATION-ADJUSTED DOLLARS) - $1 to $9,999 or loss"
HC03_MOE_VC58,"Native; born in the U.S.; Margin of Error; INDIVIDUALS' INCOME IN THE PAST 12 MONTHS (IN 2010 INFLATION-ADJUSTED DOLLARS) - $1 to $9,999 or loss"
HC04_EST_VC58,"Native; born outside Puerto Rico and the U.S.; Estimate; INDIVIDUALS' INCOME IN THE PAST 12 MONTHS (IN 2010 INFLATION-ADJUSTED DOLLARS) - $1 to $9,999 or loss"
HC04_MOE_VC58,"Native; born outside Puerto Rico and the U.S.; Margin of Error; INDIVIDUALS' INCOME IN THE PAST 12 MONTHS (IN 2010 INFLATION-ADJUSTED DOLLARS) - $1 to $9,999 or loss"
HC01_EST_VC59,"Total; Estimate; INDIVIDUALS' INCOME IN THE PAST 12 MONTHS (IN 2010 INFLATION-ADJUSTED DOLLARS) - $10,000 to $14,999"
HC01_MOE_VC59,"Total; Margin of Error; INDIVIDUALS' INCOME IN THE PAST 12 MONTHS (IN 2010 INFLATION-ADJUSTED DOLLARS) - $10,000 to $14,999"
HC02_EST_VC59,"Native; born in Puerto Rico; Estimate; INDIVIDUALS' INCOME IN THE PAST 12 MONTHS (IN 2010 INFLATION-ADJUSTED DOLLARS) - $10,000 to $14,999"
HC02_MOE_VC59,"Native; born in Puerto Rico; Margin of Error; INDIVIDUALS' INCOME IN THE PAST 12 MONTHS (IN 2010 INFLATION-ADJUSTED DOLLARS) - $10,000 to $14,999"
HC03_EST_VC59,"Native; born in the U.S.; Estimate; INDIVIDUALS' INCOME IN THE PAST 12 MONTHS (IN 2010 INFLATION-ADJUSTED DOLLARS) - $10,000 to $14,999"
HC03_MOE_VC59,"Native; born in the U.S.; Margin of Error; INDIVIDUALS' INCOME IN THE PAST 12 MONTHS (IN 2010 INFLATION-ADJUSTED DOLLARS) - $10,000 to $14,999"
HC04_EST_VC59,"Native; born outside Puerto Rico and the U.S.; Estimate; INDIVIDUALS' INCOME IN THE PAST 12 MONTHS (IN 2010 INFLATION-ADJUSTED DOLLARS) - $10,000 to $14,999"
HC04_MOE_VC59,"Native; born outside Puerto Rico and the U.S.; Margin of Error; INDIVIDUALS' INCOME IN THE PAST 12 MONTHS (IN 2010 INFLATION-ADJUSTED DOLLARS) - $10,000 to $14,999"
HC01_EST_VC60,"Total; Estimate; INDIVIDUALS' INCOME IN THE PAST 12 MONTHS (IN 2010 INFLATION-ADJUSTED DOLLARS) - $15,000 to $24,999"
HC01_MOE_VC60,"Total; Margin of Error; INDIVIDUALS' INCOME IN THE PAST 12 MONTHS (IN 2010 INFLATION-ADJUSTED DOLLARS) - $15,000 to $24,999"
HC02_EST_VC60,"Native; born in Puerto Rico; Estimate; INDIVIDUALS' INCOME IN THE PAST 12 MONTHS (IN 2010 INFLATION-ADJUSTED DOLLARS) - $15,000 to $24,999"
HC02_MOE_VC60,"Native; born in Puerto Rico; Margin of Error; INDIVIDUALS' INCOME IN THE PAST 12 MONTHS (IN 2010 INFLATION-ADJUSTED DOLLARS) - $15,000 to $24,999"
HC03_EST_VC60,"Native; born in the U.S.; Estimate; INDIVIDUALS' INCOME IN THE PAST 12 MONTHS (IN 2010 INFLATION-ADJUSTED DOLLARS) - $15,000 to $24,999"
HC03_MOE_VC60,"Native; born in the U.S.; Margin of Error; INDIVIDUALS' INCOME IN THE PAST 12 MONTHS (IN 2010 INFLATION-ADJUSTED DOLLARS) - $15,000 to $24,999"
HC04_EST_VC60,"Native; born outside Puerto Rico and the U.S.; Estimate; INDIVIDUALS' INCOME IN THE PAST 12 MONTHS (IN 2010 INFLATION-ADJUSTED DOLLARS) - $15,000 to $24,999"
HC04_MOE_VC60,"Native; born outside Puerto Rico and the U.S.; Margin of Error; INDIVIDUALS' INCOME IN THE PAST 12 MONTHS (IN 2010 INFLATION-ADJUSTED DOLLARS) - $15,000 to $24,999"
HC01_EST_VC61,"Total; Estimate; INDIVIDUALS' INCOME IN THE PAST 12 MONTHS (IN 2010 INFLATION-ADJUSTED DOLLARS) - $25,000 to $34,999"
HC01_MOE_VC61,"Total; Margin of Error; INDIVIDUALS' INCOME IN THE PAST 12 MONTHS (IN 2010 INFLATION-ADJUSTED DOLLARS) - $25,000 to $34,999"
HC02_EST_VC61,"Native; born in Puerto Rico; Estimate; INDIVIDUALS' INCOME IN THE PAST 12 MONTHS (IN 2010 INFLATION-ADJUSTED DOLLARS) - $25,000 to $34,999"
HC02_MOE_VC61,"Native; born in Puerto Rico; Margin of Error; INDIVIDUALS' INCOME IN THE PAST 12 MONTHS (IN 2010 INFLATION-ADJUSTED DOLLARS) - $25,000 to $34,999"
HC03_EST_VC61,"Native; born in the U.S.; Estimate; INDIVIDUALS' INCOME IN THE PAST 12 MONTHS (IN 2010 INFLATION-ADJUSTED DOLLARS) - $25,000 to $34,999"
HC03_MOE_VC61,"Native; born in the U.S.; Margin of Error; INDIVIDUALS' INCOME IN THE PAST 12 MONTHS (IN 2010 INFLATION-ADJUSTED DOLLARS) - $25,000 to $34,999"
HC04_EST_VC61,"Native; born outside Puerto Rico and the U.S.; Estimate; INDIVIDUALS' INCOME IN THE PAST 12 MONTHS (IN 2010 INFLATION-ADJUSTED DOLLARS) - $25,000 to $34,999"
HC04_MOE_VC61,"Native; born outside Puerto Rico and the U.S.; Margin of Error; INDIVIDUALS' INCOME IN THE PAST 12 MONTHS (IN 2010 INFLATION-ADJUSTED DOLLARS) - $25,000 to $34,999"
HC01_EST_VC62,"Total; Estimate; INDIVIDUALS' INCOME IN THE PAST 12 MONTHS (IN 2010 INFLATION-ADJUSTED DOLLARS) - $35,000 to $49,999"
HC01_MOE_VC62,"Total; Margin of Error; INDIVIDUALS' INCOME IN THE PAST 12 MONTHS (IN 2010 INFLATION-ADJUSTED DOLLARS) - $35,000 to $49,999"
HC02_EST_VC62,"Native; born in Puerto Rico; Estimate; INDIVIDUALS' INCOME IN THE PAST 12 MONTHS (IN 2010 INFLATION-ADJUSTED DOLLARS) - $35,000 to $49,999"
HC02_MOE_VC62,"Native; born in Puerto Rico; Margin of Error; INDIVIDUALS' INCOME IN THE PAST 12 MONTHS (IN 2010 INFLATION-ADJUSTED DOLLARS) - $35,000 to $49,999"
HC03_EST_VC62,"Native; born in the U.S.; Estimate; INDIVIDUALS' INCOME IN THE PAST 12 MONTHS (IN 2010 INFLATION-ADJUSTED DOLLARS) - $35,000 to $49,999"
HC03_MOE_VC62,"Native; born in the U.S.; Margin of Error; INDIVIDUALS' INCOME IN THE PAST 12 MONTHS (IN 2010 INFLATION-ADJUSTED DOLLARS) - $35,000 to $49,999"
HC04_EST_VC62,"Native; born outside Puerto Rico and the U.S.; Estimate; INDIVIDUALS' INCOME IN THE PAST 12 MONTHS (IN 2010 INFLATION-ADJUSTED DOLLARS) - $35,000 to $49,999"
HC04_MOE_VC62,"Native; born outside Puerto Rico and the U.S.; Margin of Error; INDIVIDUALS' INCOME IN THE PAST 12 MONTHS (IN 2010 INFLATION-ADJUSTED DOLLARS) - $35,000 to $49,999"
HC01_EST_VC63,"Total; Estimate; INDIVIDUALS' INCOME IN THE PAST 12 MONTHS (IN 2010 INFLATION-ADJUSTED DOLLARS) - $50,000 to $64,999"
HC01_MOE_VC63,"Total; Margin of Error; INDIVIDUALS' INCOME IN THE PAST 12 MONTHS (IN 2010 INFLATION-ADJUSTED DOLLARS) - $50,000 to $64,999"
HC02_EST_VC63,"Native; born in Puerto Rico; Estimate; INDIVIDUALS' INCOME IN THE PAST 12 MONTHS (IN 2010 INFLATION-ADJUSTED DOLLARS) - $50,000 to $64,999"
HC02_MOE_VC63,"Native; born in Puerto Rico; Margin of Error; INDIVIDUALS' INCOME IN THE PAST 12 MONTHS (IN 2010 INFLATION-ADJUSTED DOLLARS) - $50,000 to $64,999"
HC03_EST_VC63,"Native; born in the U.S.; Estimate; INDIVIDUALS' INCOME IN THE PAST 12 MONTHS (IN 2010 INFLATION-ADJUSTED DOLLARS) - $50,000 to $64,999"
HC03_MOE_VC63,"Native; born in the U.S.; Margin of Error; INDIVIDUALS' INCOME IN THE PAST 12 MONTHS (IN 2010 INFLATION-ADJUSTED DOLLARS) - $50,000 to $64,999"
HC04_EST_VC63,"Native; born outside Puerto Rico and the U.S.; Estimate; INDIVIDUALS' INCOME IN THE PAST 12 MONTHS (IN 2010 INFLATION-ADJUSTED DOLLARS) - $50,000 to $64,999"
HC04_MOE_VC63,"Native; born outside Puerto Rico and the U.S.; Margin of Error; INDIVIDUALS' INCOME IN THE PAST 12 MONTHS (IN 2010 INFLATION-ADJUSTED DOLLARS) - $50,000 to $64,999"
HC01_EST_VC64,"Total; Estimate; INDIVIDUALS' INCOME IN THE PAST 12 MONTHS (IN 2010 INFLATION-ADJUSTED DOLLARS) - $65,000 to $74,999"
HC01_MOE_VC64,"Total; Margin of Error; INDIVIDUALS' INCOME IN THE PAST 12 MONTHS (IN 2010 INFLATION-ADJUSTED DOLLARS) - $65,000 to $74,999"
HC02_EST_VC64,"Native; born in Puerto Rico; Estimate; INDIVIDUALS' INCOME IN THE PAST 12 MONTHS (IN 2010 INFLATION-ADJUSTED DOLLARS) - $65,000 to $74,999"
HC02_MOE_VC64,"Native; born in Puerto Rico; Margin of Error; INDIVIDUALS' INCOME IN THE PAST 12 MONTHS (IN 2010 INFLATION-ADJUSTED DOLLARS) - $65,000 to $74,999"
HC03_EST_VC64,"Native; born in the U.S.; Estimate; INDIVIDUALS' INCOME IN THE PAST 12 MONTHS (IN 2010 INFLATION-ADJUSTED DOLLARS) - $65,000 to $74,999"
HC03_MOE_VC64,"Native; born in the U.S.; Margin of Error; INDIVIDUALS' INCOME IN THE PAST 12 MONTHS (IN 2010 INFLATION-ADJUSTED DOLLARS) - $65,000 to $74,999"
HC04_EST_VC64,"Native; born outside Puerto Rico and the U.S.; Estimate; INDIVIDUALS' INCOME IN THE PAST 12 MONTHS (IN 2010 INFLATION-ADJUSTED DOLLARS) - $65,000 to $74,999"
HC04_MOE_VC64,"Native; born outside Puerto Rico and the U.S.; Margin of Error; INDIVIDUALS' INCOME IN THE PAST 12 MONTHS (IN 2010 INFLATION-ADJUSTED DOLLARS) - $65,000 to $74,999"
HC01_EST_VC65,"Total; Estimate; INDIVIDUALS' INCOME IN THE PAST 12 MONTHS (IN 2010 INFLATION-ADJUSTED DOLLARS) - $75,000 or more"
HC01_MOE_VC65,"Total; Margin of Error; INDIVIDUALS' INCOME IN THE PAST 12 MONTHS (IN 2010 INFLATION-ADJUSTED DOLLARS) - $75,000 or more"
HC02_EST_VC65,"Native; born in Puerto Rico; Estimate; INDIVIDUALS' INCOME IN THE PAST 12 MONTHS (IN 2010 INFLATION-ADJUSTED DOLLARS) - $75,000 or more"
HC02_MOE_VC65,"Native; born in Puerto Rico; Margin of Error; INDIVIDUALS' INCOME IN THE PAST 12 MONTHS (IN 2010 INFLATION-ADJUSTED DOLLARS) - $75,000 or more"
HC03_EST_VC65,"Native; born in the U.S.; Estimate; INDIVIDUALS' INCOME IN THE PAST 12 MONTHS (IN 2010 INFLATION-ADJUSTED DOLLARS) - $75,000 or more"
HC03_MOE_VC65,"Native; born in the U.S.; Margin of Error; INDIVIDUALS' INCOME IN THE PAST 12 MONTHS (IN 2010 INFLATION-ADJUSTED DOLLARS) - $75,000 or more"
HC04_EST_VC65,"Native; born outside Puerto Rico and the U.S.; Estimate; INDIVIDUALS' INCOME IN THE PAST 12 MONTHS (IN 2010 INFLATION-ADJUSTED DOLLARS) - $75,000 or more"
HC04_MOE_VC65,"Native; born outside Puerto Rico and the U.S.; Margin of Error; INDIVIDUALS' INCOME IN THE PAST 12 MONTHS (IN 2010 INFLATION-ADJUSTED DOLLARS) - $75,000 or more"
HC01_EST_VC67,Total; Estimate; Median income (dollars)
HC01_MOE_VC67,Total; Margin of Error; Median income (dollars)
HC02_EST_VC67,Native; born in Puerto Rico; Estimate; Median income (dollars)
HC02_MOE_VC67,Native; born in Puerto Rico; Margin of Error; Median income (dollars)
HC03_EST_VC67,Native; born in the U.S.; Estimate; Median income (dollars)
HC03_MOE_VC67,Native; born in the U.S.; Margin of Error; Median income (dollars)
HC04_EST_VC67,Native; born outside Puerto Rico and the U.S.; Estimate; Median income (dollars)
HC04_MOE_VC67,Native; born outside Puerto Rico and the U.S.; Margin of Error; Median income (dollars)
HC01_EST_VC71,Total; Estimate; POVERTY STATUS IN THE PAST 12 MONTHS - Population for whom poverty status is determined
HC01_MOE_VC71,Total; Margin of Error; POVERTY STATUS IN THE PAST 12 MONTHS - Population for whom poverty status is determined
HC02_EST_VC71,Native; born in Puerto Rico; Estimate; POVERTY STATUS IN THE PAST 12 MONTHS - Population for whom poverty status is determined
HC02_MOE_VC71,Native; born in Puerto Rico; Margin of Error; POVERTY STATUS IN THE PAST 12 MONTHS - Population for whom poverty status is determined
HC03_EST_VC71,Native; born in the U.S.; Estimate; POVERTY STATUS IN THE PAST 12 MONTHS - Population for whom poverty status is determined
HC03_MOE_VC71,Native; born in the U.S.; Margin of Error; POVERTY STATUS IN THE PAST 12 MONTHS - Population for whom poverty status is determined
HC04_EST_VC71,Native; born outside Puerto Rico and the U.S.; Estimate; POVERTY STATUS IN THE PAST 12 MONTHS - Population for whom poverty status is determined
HC04_MOE_VC71,Native; born outside Puerto Rico and the U.S.; Margin of Error; POVERTY STATUS IN THE PAST 12 MONTHS - Population for whom poverty status is determined
HC01_EST_VC72,Total; Estimate; POVERTY STATUS IN THE PAST 12 MONTHS - Below 100 percent of the poverty level
HC01_MOE_VC72,Total; Margin of Error; POVERTY STATUS IN THE PAST 12 MONTHS - Below 100 percent of the poverty level
HC02_EST_VC72,Native; born in Puerto Rico; Estimate; POVERTY STATUS IN THE PAST 12 MONTHS - Below 100 percent of the poverty level
HC02_MOE_VC72,Native; born in Puerto Rico; Margin of Error; POVERTY STATUS IN THE PAST 12 MONTHS - Below 100 percent of the poverty level
HC03_EST_VC72,Native; born in the U.S.; Estimate; POVERTY STATUS IN THE PAST 12 MONTHS - Below 100 percent of the poverty level
HC03_MOE_VC72,Native; born in the U.S.; Margin of Error; POVERTY STATUS IN THE PAST 12 MONTHS - Below 100 percent of the poverty level
HC04_EST_VC72,Native; born outside Puerto Rico and the U.S.; Estimate; POVERTY STATUS IN THE PAST 12 MONTHS - Below 100 percent of the poverty level
HC04_MOE_VC72,Native; born outside Puerto Rico and the U.S.; Margin of Error; POVERTY STATUS IN THE PAST 12 MONTHS - Below 100 percent of the poverty level
HC01_EST_VC73,Total; Estimate; POVERTY STATUS IN THE PAST 12 MONTHS - 100 to 149 percent of the poverty level
HC01_MOE_VC73,Total; Margin of Error; POVERTY STATUS IN THE PAST 12 MONTHS - 100 to 149 percent of the poverty level
HC02_EST_VC73,Native; born in Puerto Rico; Estimate; POVERTY STATUS IN THE PAST 12 MONTHS - 100 to 149 percent of the poverty level
HC02_MOE_VC73,Native; born in Puerto Rico; Margin of Error; POVERTY STATUS IN THE PAST 12 MONTHS - 100 to 149 percent of the poverty level
HC03_EST_VC73,Native; born in the U.S.; Estimate; POVERTY STATUS IN THE PAST 12 MONTHS - 100 to 149 percent of the poverty level
HC03_MOE_VC73,Native; born in the U.S.; Margin of Error; POVERTY STATUS IN THE PAST 12 MONTHS - 100 to 149 percent of the poverty level
HC04_EST_VC73,Native; born outside Puerto Rico and the U.S.; Estimate; POVERTY STATUS IN THE PAST 12 MONTHS - 100 to 149 percent of the poverty level
HC04_MOE_VC73,Native; born outside Puerto Rico and the U.S.; Margin of Error; POVERTY STATUS IN THE PAST 12 MONTHS - 100 to 149 percent of the poverty level
HC01_EST_VC74,Total; Estimate; POVERTY STATUS IN THE PAST 12 MONTHS - At or above 150 percent of the poverty level
HC01_MOE_VC74,Total; Margin of Error; POVERTY STATUS IN THE PAST 12 MONTHS - At or above 150 percent of the poverty level
HC02_EST_VC74,Native; born in Puerto Rico; Estimate; POVERTY STATUS IN THE PAST 12 MONTHS - At or above 150 percent of the poverty level
HC02_MOE_VC74,Native; born in Puerto Rico; Margin of Error; POVERTY STATUS IN THE PAST 12 MONTHS - At or above 150 percent of the poverty level
HC03_EST_VC74,Native; born in the U.S.; Estimate; POVERTY STATUS IN THE PAST 12 MONTHS - At or above 150 percent of the poverty level
HC03_MOE_VC74,Native; born in the U.S.; Margin of Error; POVERTY STATUS IN THE PAST 12 MONTHS - At or above 150 percent of the poverty level
HC04_EST_VC74,Native; born outside Puerto Rico and the U.S.; Estimate; POVERTY STATUS IN THE PAST 12 MONTHS - At or above 150 percent of the poverty level
HC04_MOE_VC74,Native; born outside Puerto Rico and the U.S.; Margin of Error; POVERTY STATUS IN THE PAST 12 MONTHS - At or above 150 percent of the poverty level
HC01_EST_VC77,Total; Estimate; PERCENT IMPUTED - Citizenship status
HC01_MOE_VC77,Total; Margin of Error; PERCENT IMPUTED - Citizenship status
HC02_EST_VC77,Native; born in Puerto Rico; Estimate; PERCENT IMPUTED - Citizenship status
HC02_MOE_VC77,Native; born in Puerto Rico; Margin of Error; PERCENT IMPUTED - Citizenship status
HC03_EST_VC77,Native; born in the U.S.; Estimate; PERCENT IMPUTED - Citizenship status
HC03_MOE_VC77,Native; born in the U.S.; Margin of Error; PERCENT IMPUTED - Citizenship status
HC04_EST_VC77,Native; born outside Puerto Rico and the U.S.; Estimate; PERCENT IMPUTED - Citizenship status
HC04_MOE_VC77,Native; born outside Puerto Rico and the U.S.; Margin of Error; PERCENT IMPUTED - Citizenship status
HC01_EST_VC78,Total; Estimate; PERCENT IMPUTED - Place of birth
HC01_MOE_VC78,Total; Margin of Error; PERCENT IMPUTED - Place of birth
HC02_EST_VC78,Native; born in Puerto Rico; Estimate; PERCENT IMPUTED - Place of birth
HC02_MOE_VC78,Native; born in Puerto Rico; Margin of Error; PERCENT IMPUTED - Place of birth
HC03_EST_VC78,Native; born in the U.S.; Estimate; PERCENT IMPUTED - Place of birth
HC03_MOE_VC78,Native; born in the U.S.; Margin of Error; PERCENT IMPUTED - Place of birth
HC04_EST_VC78,Native; born outside Puerto Rico and the U.S.; Estimate; PERCENT IMPUTED - Place of birth
HC04_MOE_VC78,Native; born outside Puerto Rico and the U.S.; Margin of Error; PERCENT IMPUTED - Place of birth
